e##,18658,5180
s##,14147,2908
n##,12479,2971
d##,12268,399
##a,12212,2321
##t,10984,715
##o,10267,208
##i,8863,655
y##,7276,85
t##,6999,336
#th,6849,264
#in,6675,391
the,6655,214
ed#,6585,30
f##,6571,15
#of,6298,13
of#,6293,8
##c,5938,1432
##s,5758,590
ion,5556,110
r##,5458,405
tio,5245,64
##w,5154,210
he#,5020,4
##p,4913,869
##b,4849,552
on#,4825,210
##d,4790,1215
##m,4627,528
#an,4586,965
ati,4366,313
ent,4022,443
g##,3829,198
nd#,3769,2
and,3728,48
##r,3724,366
h##,3670,16
in#,3574,2360
##e,3368,565
o##,3285,4
#co,3217,329
#re,3122,140
se#,3083,171
l##,3037,1411
ts#,2845,621
ith,2828,263
ing,2809,156
##h,2767,338
#be,2749,197
th#,2695,15
ng#,2682,157
#wi,2647,5
wit,2617,5
or#,2571,90
a##,2520,150
ter,2456,356
al#,2400,359
#to,2384,57
rea,2295,27
re#,2291,1
es#,2275,655
con,2272,414
rat,2247,205
ly#,2205,6
##f,2188,432
er#,2182,26
en#,2170,247
ini,2130,195
her,2124,13
nt#,2123,211
ect,2086,44
##n,2077,485
cti,2074,60
to#,2058,0
tra,1988,425
ere,1984,38
ate,1946,580
is#,1912,68
ase,1858,153
ons,1845,87
ted,1829,17
min,1813,787
##(,1802,44
eas,1794,38
)##,1741,38
as#,1731,10
nce,1716,3
cre,1694,1
#ma,1677,87
era,1668,113
#or,1655,8
ant,1627,1392
##T,1604,306
ist,1583,181
onc,1573,13
#no,1549,146
ay#,1546,0
act,1536,59
ns#,1532,155
ffe,1522,46
red,1521,49
ica,1519,59
com,1488,38
fec,1454,19
##l,1449,390
#ad,1439,34
be#,1438,0
nis,1431,167
##C,1427,504
c##,1422,694
ve#,1415,110
#a#,1404,0
#is,1400,70
#pr,1393,299
nts,1381,541
##u,1372,5
nte,1371,32
inc,1369,29
#ha,1358,48
rug,1350,178
for,1349,33
ic#,1321,586
dmi,1318,0
res,1290,279
sed,1289,23
#Th,1283,46
adm,1282,0
ive,1266,247
may,1262,0
eff,1235,0
#ef,1220,25
ien,1220,1
ce#,1216,6
#pa,1203,48
#fo,1199,42
m##,1190,915
int,1188,23
hou,1187,0
str,1186,142
pat,1165,48
at#,1155,13
ose,1132,154
tie,1131,22
##I,1129,226
tic,1123,831
pro,1114,583
The,1114,22
#de,1101,173
#me,1087,259
#dr,1078,164
dru,1078,162
#do,1078,99
use,1078,2
#st,1077,45
not,1070,79
eve,1060,49
ncr,1058,5
:##,1058,0
ld#,1055,6
ine,1023,2888
sho,1017,5
#sh,1017,5
ntr,1014,154
ste,1013,274
een,1010,3
#ca,1004,301
#on,1004,4
duc,1003,42
#su,1001,143
#wh,996,0
an#,994,149
ot#,987,10
oth,986,130
dos,960,0
tha,959,204
men,959,8
by#,958,0
are,950,4
#by,939,0
rac,936,266
tan,932,212
uld,927,0
oul,927,0
0##,894,6
tiv,892,213
le#,859,474
##A,855,772
##g,849,265
nti,847,895
ct#,842,14
#us,832,0
ten,831,107
#si,820,44
hat,813,12
te#,799,436
#In,798,69
##1,793,57
ave,785,2
cal,782,105
#ar,776,39
ita,775,406
#se,774,96
bee,774,0
#di,773,713
cts,773,10
#as,768,108
tor,760,441
ver,758,86
gs#,756,154
abo,750,7
omi,748,69
est,747,289
#cl,745,151
tab,744,37
#we,743,1
#po,742,39
mit,737,18
iti,732,34
#le,727,81
##v,726,286
nco,725,14
hav,723,0
ugs,721,153
ty#,719,5
hen,711,533
ind,708,137
rec,708,29
#ex,708,5
pla,705,42
ren,704,196
rma,703,3
ote,700,115
tin,698,550
tud,696,0
eti,694,649
lin,690,540
#mg,686,2
uce,679,0
rom,678,275
#wa,675,204
vel,675,0
me#,672,27
ne#,669,3102
ls#,664,15
stu,662,0
oli,659,201
cen,659,21
met,658,523
ity,656,0
rs#,654,366
##2,654,10
ch#,653,0
all,648,44
##:,645,0
##P,642,317
per,641,153
#:#,641,0
#al,640,289
lev,636,65
was,633,0
ibi,631,342
#pl,628,4
pre,625,366
ser,625,71
las,622,49
anc,620,18
eta,618,404
#tr,617,226
fic,617,2
%##,612,0
tly,611,0
ort,610,150
whe,610,0
#ot,610,0
wer,608,0
ess,607,232
ral,604,122
udi,599,48
eat,599,5
ese,596,23
can,596,11
#ac,595,215
nic,593,98
bit,584,406
ore,581,62
ble,581,8
ntl,580,0
ina,572,204
hib,570,250
kin,566,104
ses,565,6
bol,561,13
sma,560,0
ry#,559,72
st#,559,33
tes,556,110
nhi,551,250
ma#,548,2
ers,545,138
ult,544,9
ula,543,164
han,543,150
cau,543,0
inh,538,226
bin,534,92
ven,534,10
rin,532,845
rap,532,80
pot,532,33
nal,531,130
hes,530,1
#mo,529,86
asm,529,0
ivi,528,10
#ph,526,335
din,524,618
age,521,227
tia,520,129
por,519,141
ial,519,15
ain,518,133
ies,518,12
lat,515,147
lly,515,5
gen,514,349
ug#,514,25
ecr,512,0
nsi,511,75
ont,510,135
eri,503,159
ifi,501,1
iat,499,15
die,496,11
has,494,27
ide,492,1037
CYP,491,26
rep,490,117
enc,490,13
har,487,5
tro,486,274
ely,486,0
ora,484,88
oxi,482,509
##D,479,298
ece,478,24
mon,477,90
sul,475,183
4##,471,18
pha,469,108
#da,468,32
mac,465,21
us#,464,82
ced,464,0
In#,464,0
cur,463,32
mg#,462,2
sta,460,255
lar,460,60
#CY,460,26
ndi,455,83
ito,454,322
arm,452,3
dec,451,54
sin,449,154
ign,449,1
els,448,0
cat,445,38
um#,443,517
aco,443,63
ran,441,194
mal,437,5
tre,436,121
hro,434,209
uti,430,52
rte,427,46
dic,425,53
sig,425,1
omb,424,35
ome,423,120
cli,421,189
edi,419,78
pos,416,6
ar#,414,21
orm,413,79
esu,413,1
ure,412,201
low,411,2
one,410,521
his,409,71
sti,408,71
abl,407,1
ndu,405,0
gni,405,0
#Co,404,66
edu,404,25
lea,404,16
#af,403,0
oni,401,252
mbi,400,20
##S,398,253
epo,395,25
nit,390,92
vit,390,90
nat,390,73
par,389,143
ici,388,144
nde,387,9
#en,386,79
##3,385,12
#fr,382,1
#ch,381,143
#ne,381,112
ear,381,0
nif,380,34
##),377,0
ens,376,117
tme,375,0
net,374,27
rre,374,0
rol,373,186
lit,373,138
aus,373,0
alt,372,19
day,371,0
#ra,369,31
hyp,368,80
ssi,368,60
erv,368,17
#at,365,80
als,365,16
uch,363,0
it#,362,1
;##,362,0
#ta,360,39
ele,359,73
esp,359,2
med,358,30
ded,355,0
der,354,16
##-,354,2
ime,353,212
#hy,352,196
mic,351,121
pec,350,9
thi,348,462
tri,348,269
ara,347,35
wn#,347,0
oki,346,4
#)#,345,0
ved,344,7
sub,344,4
sio,344,2
suc,343,37
apy,343,8
rot,342,140
id#,341,344
#mi,340,56
#he,340,45
igh,340,3
ge#,339,3
end,337,34
tim,337,17
nta,336,285
tho,336,174
dia,335,162
#bl,335,125
ous,335,23
ize,335,17
nge,333,7
cok,332,0
cei,331,1
eiv,331,0
#ag,329,245
ia#,329,4
cte,328,11
no#,328,0
py#,327,0
owe,323,0
2##,321,48
urr,321,0
exp,321,0
uct,320,42
#it,320,36
lon,317,202
#sy,317,54
own,317,0
ut#,316,4
dis,315,48
mat,314,140
omp,314,17
app,311,1
oad,310,3
equ,309,2
car,308,210
fol,308,16
#ap,306,28
uri,305,122
ass,305,57
vin,305,24
ail,305,1
ref,305,0
tak,304,17
k##,304,0
lis,303,71
#un,302,1
fer,300,26
efo,300,8
-##,298,7
#ab,298,1
om#,297,1
#ho,295,39
#li,294,153
tai,294,3
#pe,293,61
#ob,293,0
ism,291,6
ert,290,90
xic,290,17
cul,290,9
tox,289,54
dy#,289,0
ss#,288,14
eru,287,8
lte,287,2
bse,286,0
#vi,285,91
ges,285,64
imi,283,63
5##,283,8
ces,283,0
eco,282,81
fro,282,1
olo,281,183
cha,281,49
3A4,281,17
00#,280,1
ll#,279,0
##N,278,290
ima,278,16
cle,274,38
rum,274,9
sm#,274,0
od#,273,4
zed,273,0
oll,273,0
thr,272,217
rel,272,56
pti,270,151
den,270,92
ics,269,407
A4#,269,17
sis,269,2
#ti,268,26
Dru,268,16
ong,268,7
coa,266,153
und,266,11
#hi,266,7
ite,266,6
##B,265,173
our,265,12
spe,264,18
blo,263,200
#ev,263,9
cs#,262,407
#lo,262,103
ype,262,71
nin,262,47
wee,262,0
sur,261,11
atm,261,0
emi,260,127
ary,260,6
#Dr,258,16
gh#,258,0
50#,258,0
cer,257,32
spo,256,144
#bo,255,34
rve,255,7
lth,255,1
ene,254,203
thy,254,116
pon,254,9
dit,254,7
ret,253,263
val,253,85
1##,253,17
ang,252,26
#gi,252,10
giv,252,0
tat,251,178
ard,251,100
bet,250,165
zym,250,14
obs,250,0
ria,249,55
liz,249,17
#du,249,13
add,249,0
#te,248,86
ili,248,60
whi,245,0
6##,244,4
ory,243,65
ncu,242,1
ppr,241,28
yme,241,25
#ce,240,137
rdi,240,55
##5,240,22
ich,239,46
ell,239,6
clu,239,0
##4,238,16
aut,238,0
de#,237,795
ena,237,271
art,237,25
.##,237,10
eva,237,5
ast,236,179
#(e,235,0
ire,234,61
rod,234,24
ncl,234,3
ila,233,34
ple,233,20
how,233,0
oun,232,11
its,232,0
cia,231,0
cit,230,119
##W,230,44
odu,230,17
##M,229,244
jec,229,1
omm,229,0
ete,228,1
oss,228,0
aff,227,46
lud,227,1
les,226,81
YP3,226,17
P3A,226,17
hic,226,8
esi,225,141
mg/,225,0
nes,224,434
#so,224,107
C##,224,66
mpa,224,36
unc,224,0
ddi,224,0
sit,223,2
fte,222,0
ner,221,137
##k,220,155
mes,220,23
ood,220,4
hig,220,2
hea,220,0
ise,219,15
llo,218,42
tel,218,21
##H,216,164
#el,216,0
oid,214,275
ato,214,157
rio,214,12
udy,214,0
out,213,3
rti,212,138
let,212,23
nzy,212,16
man,212,14
eac,212,0
450,212,0
enz,211,108
#bi,211,20
sen,210,44
#im,210,39
e.g,210,0
chr,209,1
##O,208,54
sor,208,17
dep,206,215
ins,206,145
req,206,0
now,206,0
mme,206,0
nse,205,15
olu,205,12
ned,205,6
ead,205,2
g.#,205,0
#va,204,138
Con,204,21
erf,202,56
eal,202,0
but,201,164
eme,201,13
ays,201,0
aft,200,1
kno,199,0
AUC,199,0
qui,198,201
itr,198,165
ans,198,24
ond,198,19
x##,197,72
unt,197,0
.g.,197,0
##E,196,188
sib,196,0
ace,195,226
eca,195,46
#fa,195,16
ami,194,1072
#(),194,0
ris,193,48
yst,193,32
ys#,193,3
urs,193,0
so#,192,0
0%#,192,0
tal,191,241
vat,191,21
som,191,21
loo,191,15
vol,191,1
xpe,191,0
dur,191,0
ors,190,234
ric,190,194
bil,190,6
w##,190,1
mea,190,0
ari,189,456
ein,189,65
ypo,189,32
Int,189,3
rop,188,220
#No,188,48
ust,188,2
tem,187,48
cyt,187,11
P45,187,0
ona,186,428
ost,185,138
rse,185,11
ugh,184,0
#-#,184,0
A##,183,203
ur#,183,3
oug,183,0
occ,183,0
ccu,182,18
win,182,0
eit,182,0
nor,181,95
sid,181,86
eci,181,81
ela,181,42
mia,181,0
#ei,181,0
##R,179,118
nst,179,51
siv,179,48
xim,179,24
3##,179,20
ake,179,18
mul,179,16
ubs,179,4
lso,179,0
yto,178,254
osi,178,165
ale,178,45
osa,178,35
#oc,178,2
imp,178,0
#P4,177,0
ron,176,288
epa,176,155
ove,176,1
adv,176,0
owi,175,0
ibl,175,0
(e.,175,0
reg,174,1
twe,174,0
hy#,174,0
dat,173,35
rta,173,33
nct,173,0
ily,173,0
iso,172,134
inf,172,69
#AU,172,4
erm,171,13
lab,171,11
mpl,171,2
ad#,171,2
-ad,170,37
#gr,170,28
los,169,186
mor,169,59
hos,169,50
()#,169,0
erg,168,156
#fu,168,67
etw,168,0
#cy,167,123
max,167,10
cy#,167,0
ata,166,53
sso,166,9
eth,165,471
abs,165,0
uat,162,4
#10,162,3
UC#,162,0
gic,161,103
sel,161,32
bst,161,0
if#,160,4
#if,160,2
ro#,160,1
o-a,160,1
s)#,160,0
#ri,159,177
sag,159,0
och,158,88
ual,158,4
No#,158,0
rox,157,146
nha,157,4
ied,157,0
ile,156,39
lt#,156,11
ngl,156,6
emo,156,1
lic,155,239
did,155,32
bso,155,0
toc,154,186
pri,154,176
orp,154,145
fun,154,29
asi,154,8
uen,154,3
ssa,153,210
cro,153,56
#av,153,0
eni,152,52
sys,152,17
uir,152,0
#bu,151,79
inu,151,53
#kn,151,0
eli,150,32
usi,150,2
wev,150,0
#gl,149,119
#sa,149,70
aki,149,10
ach,149,7
#mu,147,32
isk,147,13
rt#,147,2
ow#,147,1
bje,147,0
rou,146,11
#vo,146,4
ny#,146,0
ape,145,45
exc,145,3
rpt,145,0
uma,144,89
p##,144,39
gat,144,15
mpo,144,11
vid,144,0
alo,143,212
alu,143,34
eed,143,0
#Wh,143,0
hal,142,100
cem,142,32
any,142,20
ffi,142,2
who,142,0
ubj,142,0
ani,141,73
cel,141,16
##6,141,8
rie,141,1
#tw,141,0
cou,140,52
lac,140,47
ute,140,30
dju,140,1
sk#,140,0
oci,139,38
##;,139,0
ol#,138,617
ath,138,50
tei,138,10
/kg,138,0
##F,137,164
ros,137,114
log,137,13
soc,137,12
YP2,137,8
jus,137,0
ero,136,281
hol,136,247
roi,136,242
(##,136,0
#(#,136,0
cin,135,619
oto,135,62
mil,135,52
arr,135,35
bot,135,8
ue#,135,0
cid,134,302
lti,134,73
ice,134,1
adj,134,1
ium,133,494
#la,133,48
old,133,17
eno,132,279
imu,132,67
9##,132,5
lun,131,38
que,131,9
2D6,131,3
#;#,131,0
ept,130,196
sim,130,14
eut,130,6
ms#,130,1
lts,130,0
ori,129,236
loc,129,214
cho,129,153
oge,129,98
luc,129,61
iou,129,1
gle,129,0
dai,129,0
enh,128,8
ady,128,0
sug,127,0
gge,127,0
pen,126,90
#Al,126,37
#2#,126,4
D6#,126,3
s:#,126,0
g/d,126,0
icr,125,7
bou,125,0
sts,124,72
evi,124,40
gre,124,36
Thi,124,15
scu,124,6
bor,124,2
g/k,124,0
ee#,124,0
/da,124,0
ole,123,540
des,123,150
#hu,123,3
tag,122,69
rfe,122,56
glu,122,54
T##,122,38
sup,122,25
ree,122,3
#es,121,129
#sp,121,21
hum,121,3
led,121,2
co-,121,2
#(1,121,0
clo,120,322
#ba,120,60
lle,120,2
tee,120,0
##7,120,0
cos,119,171
gly,119,139
mar,119,64
#ge,119,41
icu,119,9
sev,119,2
ugg,119,0
Whe,119,0
#Ca,118,71
dif,118,53
ean,118,10
stm,118,0
vas,117,150
pho,117,76
abi,117,66
lim,117,60
osu,117,44
ext,117,23
ke#,117,19
#Pa,117,12
rme,117,7
sse,117,3
#20,117,0
ds#,116,213
ali,116,209
ax#,116,13
ava,116,9
#ur,116,4
che,116,1
pea,116,0
ho#,116,0
eer,116,0
pto,115,61
tur,115,51
ta#,115,42
#fi,115,23
rly,115,0
dve,115,0
ude,113,10
isc,113,2
ike,113,2
xpo,113,0
iab,112,27
et#,112,27
lem,112,5
uco,111,60
neu,111,27
8##,111,14
##8,111,8
vai,111,1
bec,111,0
##0,111,0
upp,110,26
rev,110,5
lik,110,2
epr,109,257
rgi,109,115
P##,109,38
#A#,108,23
had,108,18
dem,108,1
S##,107,100
nar,107,29
epe,107,8
nou,107,0
cor,106,111
gra,106,10
cas,106,6
ght,106,1
#1#,106,1
bas,106,0
#12,106,0
ane,105,139
col,105,37
ful,105,22
#Re,105,19
det,105,3
peu,105,2
hed,104,8
##U,104,8
lan,103,202
-in,103,67
ysi,103,3
ir#,102,265
ife,102,49
sec,102,6
rai,102,1
nly,102,1
uro,101,113
hor,101,66
rva,101,36
tea,101,30
tom,101,14
#Ho,101,2
two,101,0
ody,101,0
It#,101,0
#It,100,25
erc,100,20
#50,100,0
#Be,99,55
ymp,99,32
rav,99,8
lue,99,2
Pat,99,0
How,99,0
ota,98,80
rmi,98,33
rth,98,11
ior,98,11
rib,98,10
ish,98,3
10#,98,1
cep,97,177
hin,97,151
mus,97,89
lec,97,74
el#,97,67
sol,97,41
iff,97,2
ged,97,2
nan,97,1
aci,96,452
oca,96,95
chi,96,9
ghe,96,0
Coa,96,0
Alt,96,0
#0.,96,0
gul,95,150
D##,95,94
tis,95,9
lif,95,2
ken,95,1
hem,95,1
eek,95,0
nec,94,71
onl,94,1
wo#,94,0
ats,94,0
7##,94,0
#Cm,94,0
lyc,93,107
bio,93,92
ope,93,54
tit,93,16
arl,93,10
syn,93,8
avo,93,3
bef,93,2
voi,93,0
cie,93,0
til,92,37
oma,92,31
ogi,92,0
e)#,92,0
ino,91,267
oin,91,240
ncy,91,5
wel,91,0
5%#,91,0
20#,91,0
-fo,91,0
ock,90,210
##L,90,147
non,90,104
#fe,90,92
ery,90,89
hep,90,34
cri,90,19
cto,90,17
ord,90,15
ler,90,10
#(a,90,1
inv,90,0
hil,90,0
ill,89,65
iva,89,56
var,89,23
acc,89,13
ema,89,9
rem,89,2
hre,89,2
sea,89,0
ves,88,151
dio,88,62
I##,88,59
itu,88,55
abe,88,41
acy,88,33
mod,88,8
Oth,88,0
#wo,88,0
#Ot,88,0
#3A,88,0
ram,87,230
gon,87,102
#ga,87,41
eur,87,37
#Si,87,16
tot,87,4
hei,87,0
ets,87,0
eir,87,0
osp,86,172
elo,86,26
nim,86,7
rts,86,0
phy,85,164
sar,85,25
liv,85,5
ey#,85,0
Cma,85,0
#up,85,0
rim,84,47
ade,84,19
sco,84,9
-li,84,2
xcr,84,0
she,84,0
nth,83,34
lua,83,1
oes,83,0
mpt,83,0
fre,83,0
cac,83,0
%)#,83,0
em#,82,90
ana,82,81
##Q,82,22
y)#,82,0
xte,82,0
If#,82,0
#ov,82,0
#If,82,0
alf,81,38
dra,81,33
ech,81,17
doe,81,5
ssu,81,0
##y,81,0
##/,81,0
-st,80,21
ppl,80,5
pai,80,0
nd/,80,0
ola,79,225
L##,79,154
ago,79,94
##G,79,66
ame,79,46
sym,79,30
ode,79,13
egi,79,12
ian,79,8
pli,79,0
fou,79,0
d/o,79,0
/or,79,0
#30,79,0
tas,78,78
yro,78,59
#Te,78,16
#St,78,14
lee,78,13
ppe,78,1
see,78,0
g)#,78,0
due,78,0
sto,77,8
scr,77,6
gro,77,2
up#,77,0
nje,77,0
Tes,77,0
opr,76,287
oph,76,244
#An,76,229
ida,76,216
ety,76,26
efu,76,2
vis,76,0
mai,76,0
usc,75,31
mot,75,30
Lab,75,2
rit,74,96
#Pr,74,69
phr,74,63
yce,74,44
tar,74,24
ues,74,9
asc,74,6
rfo,74,3
cif,74,2
#40,74,1
Bec,74,0
hyr,73,45
rrh,73,35
ks#,73,0
eak,73,0
100,73,0
#5#,73,0
odi,72,239
#ve,72,53
#br,72,24
neo,72,17
nci,72,9
ega,72,8
kel,72,7
bli,72,0
ico,71,338
epi,71,321
sal,71,108
fac,71,19
ht#,71,1
#nu,71,1
raw,71,0
lop,70,166
esc,70,28
lls,70,0
#4#,70,0
##+,70,0
rog,69,104
lut,69,36
#Cl,69,36
-co,69,10
#cr,69,1
wed,69,0
sua,69,0
lf-,69,0
fe#,69,0
dro,68,252
iod,68,94
yla,68,93
typ,68,23
tig,68,9
gas,68,2
#3#,68,1
#2D,68,0
flu,67,266
#Ad,67,12
#my,67,6
lus,67,0
dy-,67,0
air,67,0
idi,66,414
#am,66,259
alc,66,228
het,66,134
CNS,66,33
van,66,16
#tu,66,12
#Po,66,12
nve,66,11
axi,66,11
ber,66,3
rci,66,2
myo,66,1
y-s,66,0
amp,65,237
ura,65,120
opa,65,115
dom,65,58
-de,65,22
pul,65,1
atu,65,1
kg#,65,0
adi,64,170
ova,64,45
#CN,64,31
tec,64,23
ict,64,6
lys,64,3
ark,64,3
se-,64,2
#cu,64,2
thd,64,1
ug/,64,0
pop,64,0
hdr,64,0
ern,64,0
#15,64,0
ras,63,31
iac,63,21
efi,63,5
usl,63,0
sly,63,0
eou,63,0
##[,63,0
agu,62,150
rad,62,80
ac#,62,72
tip,62,63
nsu,62,60
omo,62,34
usu,62,4
viv,62,0
oup,62,0
nue,62,0
inj,62,0
hus,62,0
hey,62,0
ck#,62,0
Sin,62,0
40#,62,0
#s#,62,0
oag,61,150
exa,61,117
nam,61,72
gin,61,38
#Se,61,24
fir,61,23
iet,61,14
rge,61,7
yna,61,4
P2D,61,3
ioa,61,0
f-l,61,0
eph,60,107
atr,60,78
ndo,60,76
del,60,9
ipl,60,3
dev,60,0
YP#,60,0
#ea,60,0
oti,59,196
yth,59,138
thm,59,35
C9#,59,5
2C9,59,5
#(C,59,2
olv,59,1
dyn,59,0
asu,59,0
pin,58,612
tol,58,83
fin,58,54
NS#,58,40
aly,58,3
att,58,2
1A2,58,1
gna,58,0
gim,58,0
#24,58,0
#(4,58,0
oly,57,25
afe,57,12
ogr,57,5
P2C,57,5
Cau,57,0
#(s,57,0
hyd,56,221
cis,56,73
sph,56,38
bra,56,33
-re,56,9
ule,56,7
tte,56,2
seq,56,2
sam,56,1
ias,56,1
saf,56,0
rke,56,0
oav,56,0
bly,56,0
200,56,0
ano,55,179
isp,55,40
niz,55,3
ul#,55,2
A2#,55,1
rst,55,0
dua,55,0
bul,55,0
.5#,55,0
(10,55,0
#(2,55,0
aso,54,54
ea#,54,18
idu,54,2
sia,54,1
dvi,54,1
div,54,1
#1.,54,0
ydr,53,228
ipi,53,163
E##,53,131
rob,53,92
nfl,53,87
rmo,53,50
on-,53,43
pe#,53,28
sic,53,25
rov,53,21
cod,53,20
lve,53,18
#Ta,53,11
hys,53,8
mbe,53,6
rm#,53,1
xce,53,0
vio,53,0
ug-,53,0
nee,53,0
emp,53,0
/##,53,0
zin,52,169
roc,52,145
#Ph,52,70
ibu,52,41
aps,52,11
ivo,52,7
hel,52,5
##9,52,3
Cli,52,2
oms,52,0
g/m,52,0
g/L,52,0
Co-,52,0
.)#,52,0
#sl,52,0
avi,51,291
nos,51,84
uli,51,70
rhy,51,35
len,51,31
nds,51,10
rab,51,3
exe,51,3
egr,51,3
eig,51,1
e-d,51,1
#sc,51,1
vo#,51,0
uff,51,0
s;#,51,0
ger,51,0
Inc,51,0
#sm,51,0
#2C,51,0
#14,51,0
#ep,50,48
#As,50,36
hyt,50,35
fet,50,25
#Da,50,12
def,50,4
tog,50,3
lig,50,1
xer,50,0
ked,50,0
iov,50,0
fai,50,0
#(m,50,0
diu,49,256
opi,49,126
rde,49,55
nia,49,44
psy,49,36
hmi,49,35
cut,49,18
upt,49,17
mer,49,10
oso,49,9
fus,49,2
ull,49,0
kg/,49,0
Eff,49,0
50%,49,0
2%#,49,0
/La,49,0
N##,48,156
etr,48,105
ira,48,103
xid,48,95
ono,48,71
nep,48,64
onv,48,38
nga,48,21
12#,48,7
lta,48,3
bod,48,3
row,48,2
pid,48,2
hly,48,2
400,48,1
you,48,0
nvo,48,0
emb,48,0
):#,48,0
#yo,48,0
#QT,48,0
son,47,123
siu,47,115
top,47,77
#na,47,74
#Me,47,62
sth,47,50
opo,47,21
arg,47,18
ex#,47,15
twi,47,0
irs,47,0
iga,47,0
ION,47,0
;;;,47,0
3%#,47,0
25#,47,0
+/-,47,0
war,46,214
oco,46,190
xam,46,86
epl,46,38
imm,46,19
mec,46,12
isi,46,7
#Ef,46,5
ne-,46,3
ede,46,2
ps#,46,1
ued,46,0
sus,46,0
rsi,46,0
mos,46,0
eks,46,0
ebo,46,0
dys,46,0
=##,46,0
24#,46,0
#60,46,0
#-i,46,0
#(5,46,0
hyl,45,233
rip,45,104
agn,45,75
cla,45,50
#ou,45,9
ocy,45,8
ghl,45,2
#em,45,2
unk,45,0
uit,45,0
nkn,45,0
Tab,45,0
1%#,45,0
#(i,45,0
R##,44,79
lur,44,67
iol,44,60
riv,44,36
arc,44,24
spl,44,23
#CO,44,23
gai,44,17
kal,44,13
rar,44,12
umo,44,3
nfo,44,2
mmo,44,2
n)#,44,0
lse,44,0
cco,44,0
500,44,0
30#,44,0
19#,44,0
spi,43,129
ogl,43,86
pit,43,57
opu,43,47
izi,43,26
rd#,43,11
hod,43,10
Com,43,4
#25,43,4
#dy,43,2
get,43,1
YP1,43,1
P1A,43,1
wou,43,0
umb,43,0
mum,43,0
mg),43,0
dde,43,0
bei,43,0
Pha,43,0
6%#,43,0
#Us,43,0
tid,42,356
num,42,42
hom,42,32
cip,42,30
zer,42,17
#Mo,42,16
erl,42,14
tub,42,10
ynt,42,7
ilu,42,3
ceb,42,3
tum,42,1
urt,42,0
sch,42,0
mpe,42,0
mou,42,0
egn,42,0
C19,42,0
4%#,42,0
2C1,42,0
000,42,0
#7#,42,0
phe,41,547
ril,41,82
pil,41,13
#pu,41,11
rna,41,2
nua,41,2
unl,41,0
fal,41,0
ew#,41,0
#ki,41,0
#/#,41,0
#(n,41,0
rba,40,132
ton,40,111
Inh,40,27
#Su,40,22
#ro,40,16
#Or,40,12
qua,40,10
tru,40,9
oen,40,2
nfu,40,2
Day,40,1
nut,40,0
ns:,40,0
ngs,40,0
gns,40,0
fie,40,0
eg#,40,0
]##,40,0
120,40,0
0.0,40,0
/mL,40,0
(40,40,0
#fl,39,191
iur,39,176
rof,39,139
##q,39,112
ihy,39,62
nda,39,45
miz,39,28
tif,39,22
ume,39,16
acu,39,13
exi,39,9
cum,39,9
ars,39,9
Pre,39,4
##j,39,3
Ora,39,2
wic,39,0
say,39,0
deg,39,0
awn,39,0
-mg,39,0
#8#,39,0
##=,39,0
lam,38,239
#ox,38,89
#Ma,38,32
pog,38,31
uls,38,27
in-,38,23
gan,38,18
ams,38,4
ibe,38,3
wei,38,1
ozy,38,1
-th,38,1
-do,38,1
ze#,38,0
suf,38,0
soe,38,0
shi,38,0
lay,38,0
gy#,38,0
(eg,38,0
#ci,37,245
tih,37,97
hri,37,68
mag,37,62
ngi,37,36
nto,37,35
pou,37,11
As#,37,10
Pot,37,9
CON,37,9
#ty,37,4
nfe,37,2
wil,37,0
soz,37,0
gar,37,0
egu,37,0
ak#,37,0
20%,37,0
#=#,37,0
#6#,37,0
ben,36,145
fil,36,82
M##,36,51
aga,36,39
#Ag,36,26
#Do,36,15
II#,36,14
#Fo,36,9
aph,36,8
xis,36,5
urv,36,5
#(A,36,4
i##,36,2
maj,36,1
jor,36,1
gis,36,1
ajo,36,1
rs),36,0
ped,36,0
oor,36,0
nju,36,0
eha,36,0
bed,36,0
awa,36,0
Adm,36,0
7%#,36,0
/-#,36,0
#19,36,0
#(p,36,0
cap,35,44
#op,35,35
Age,35,23
sir,35,21
ctr,35,9
gla,35,8
llu,35,4
ubu,35,0
tus,35,0
orr,35,0
onf,35,0
nli,35,0
mL#,35,0
lia,35,0
iss,35,0
Use,35,0
8%#,35,0
il#,34,250
san,34,241
uta,34,114
pic,34,67
ala,34,51
ann,34,45
cta,34,35
mun,34,24
mmu,34,24
pan,34,21
V##,34,19
dul,34,14
lex,34,11
e-t,34,3
-tr,34,3
yoc,34,2
uci,34,2
rcu,34,2
bel,34,1
#11,34,1
wea,34,0
se),34,0
obt,34,0
nsp,34,0
le-,34,0
irm,34,0
hip,34,0
bta,34,0
beh,34,0
Dos,34,0
(su,34,0
#BI,34,0
#2.,34,0
#-c,34,0
#+/,34,0
#(0,34,0
uin,33,205
api,33,108
pta,33,65
amo,33,39
xtr,33,23
sat,33,21
dir,33,13
dim,33,10
omu,33,6
erb,33,4
yca,33,0
ly),33,0
TIO,33,0
BID,33,0
An#,33,0
#(3,33,0
omy,32,225
#IN,32,48
bac,32,27
H##,32,23
mol,32,19
yin,32,12
nef,32,9
#To,32,9
G##,32,8
Ser,32,6
#16,32,2
l)#,32,1
#Wi,32,1
wal,32,0
ogy,32,0
nea,32,0
ems,32,0
cus,32,0
Thu,32,0
S:#,32,0
600,32,0
1)#,32,0
##V,31,173
dre,31,76
Pro,31,61
rgo,31,56
nog,31,46
ych,31,41
syc,31,37
#Ne,31,32
#De,31,30
fra,31,11
cop,31,7
lce,31,6
u##,31,5
nsf,31,4
agg,31,1
#au,31,1
yne,31,0
sh#,31,0
n;#,31,0
mem,31,0
ay),31,0
Stu,31,0
);#,31,0
#ju,31,0
#Af,31,0
#80,31,0
#13,31,0
lli,30,227
tac,30,135
tib,30,108
sod,30,99
dar,30,84
lde,30,67
roa,30,49
mpr,30,41
efl,30,39
ovi,30,38
Met,30,37
eda,30,27
riz,30,15
#Ex,30,9
ubl,30,6
ucl,30,5
ICA,30,5
yte,30,3
rhe,30,1
yea,30,0
ups,30,0
thu,30,0
t)#,30,0
psu,30,0
pme,30,0
on),30,0
neg,30,0
mig,30,0
itt,30,0
es),30,0
ack,30,0
D)#,30,0
0%),30,0
(CY,30,0
#ye,30,0
rid,29,292
cki,29,80
phi,29,78
das,29,49
set,29,48
#ps,29,21
riu,29,16
ofo,29,8
ify,29,8
err,29,6
reb,29,5
rro,29,2
ppo,29,2
##J,29,2
via,29,0
ts:,29,0
rra,29,0
plu,29,0
opm,29,0
onj,29,0
dog,29,0
bo#,29,0
adu,29,0
300,29,0
(n=,29,0
(0.,29,0
#(t,29,0
tam,28,503
ket,28,149
lci,28,127
lep,28,69
#Du,28,17
rga,28,16
ED#,28,9
#He,28,8
cov,28,7
#3-,28,6
nuc,28,5
irc,28,4
#id,28,3
rag,28,2
rvi,28,1
ys),28,0
wor,28,0
tch,28,0
st-,28,0
rha,28,0
opt,28,0
kg),28,0
iev,28,0
fem,28,0
ek#,28,0
dly,28,0
cir,28,0
Wit,28,0
15#,28,0
-dr,28,0
(20,28,0
ids,27,203
oxy,27,123
ofi,27,28
spa,27,26
#La,27,17
INI,27,14
#Pl,27,9
#Bo,27,8
mis,27,6
Pla,27,2
#21,27,2
ths,27,1
sce,27,1
hie,27,1
vie,27,0
pas,27,0
iew,27,0
hs#,27,0
g-d,27,0
d)#,27,0
cec,27,0
bno,27,0
2)#,27,0
(in,27,0
#P-,27,0
otr,26,119
pol,26,43
lum,26,41
vul,26,27
#So,26,24
nas,26,21
-me,26,12
oac,26,11
bal,26,10
org,26,9
-gl,26,7
rri,26,4
tua,26,1
mix,26,1
way,26,0
uic,26,0
too,26,0
pet,26,0
ods,26,0
ick,26,0
fy#,26,0
dea,26,0
bov,26,0
QT#,26,0
9%#,26,0
14#,26,0
0.1,26,0
#g/,26,0
#17,26,0
#(P,26,0
pir,25,146
mma,25,66
fat,25,45
lip,25,30
lax,25,25
iph,25,20
doc,25,19
bri,25,15
#II,25,14
nch,25,12
sfu,25,2
ATI,25,2
poi,25,1
yed,25,0
uga,25,0
rui,25,0
poo,25,0
ou#,25,0
ohn,25,0
nen,25,0
mbr,25,0
er-,25,0
cce,25,0
bre,25,0
ash,25,0
abn,25,0
40%,25,0
30%,25,0
2.5,25,0
-da,25,0
(AU,25,0
#rh,25,0
#(o,25,0
#(d,25,0
#(9,25,0
vir,24,366
hot,24,143
adr,24,73
#Tr,24,38
nvu,24,27
fle,24,26
lyt,24,10
slo,24,9
cys,24,8
lla,24,7
agl,24,5
lul,24,4
teg,24,3
sfe,24,2
tle,24,0
ney,24,0
kid,24,0
idn,24,0
glo,24,0
dne,24,0
bdo,24,0
abd,24,0
Whi,24,0
ONS,24,0
May,24,0
M)#,24,0
C)#,24,0
Bot,24,0
15%,24,0
00-,24,0
0-m,24,0
#2-,24,0
mph,23,118
#Di,23,107
dil,23,106
##K,23,99
#Ac,23,69
hio,23,47
bro,23,34
TRA,23,33
iag,23,29
plo,23,27
scl,23,24
#Fu,23,22
erp,23,20
zat,23,19
#Im,23,13
pac,23,10
nfa,23,10
sum,23,9
upe,23,4
iza,23,4
ctu,23,3
Res,23,3
-po,23,2
ige,23,1
ggr,23,1
eng,23,1
sli,23,0
sep,23,0
rms,23,0
pes,23,0
nfi,23,0
jui,23,0
hab,23,0
efr,23,0
e:#,23,0
e-p,23,0
ST#,23,0
INR,23,0
75#,23,0
4)#,23,0
10%,23,0
0)#,23,0
#):,23,0
#(c,23,0
##*,23,0
xin,22,325
pra,22,299
heo,22,159
#et,22,139
oba,22,131
#er,22,123
oho,22,113
#qu,22,112
#ir,22,44
iar,22,32
uno,22,27
lap,22,26
bon,22,24
ID#,22,22
tos,22,15
alk,22,14
bes,22,11
ocu,22,10
ix#,22,10
Hyp,22,10
rca,22,8
lym,22,8
#Ba,22,6
III,22,4
enu,22,3
chy,22,3
gno,22,2
LIN,22,2
#ly,22,2
utr,22,1
ppa,22,1
For,22,1
y;#,22,0
pok,22,0
muc,22,0
fru,22,0
eys,22,0
deq,22,0
cka,22,0
QTc,22,0
MAC,22,0
Inj,22,0
800,22,0
3A#,22,0
#mL,22,0
#e.,22,0
#On,22,0
#(b,22,0
coh,21,113
ciu,21,89
ti-,21,79
yco,21,77
fur,21,65
icl,21,62
dan,21,49
ndr,21,48
nne,21,47
#Fe,21,44
#Ch,21,43
Car,21,38
izo,21,35
#pi,21,34
coc,21,32
apo,21,20
efe,21,11
mbo,21,9
yti,21,8
#Ge,21,7
obi,21,6
ecu,21,6
#Ra,21,5
ryl,21,4
#We,21,4
oce,21,3
Som,21,3
A)#,21,2
rmu,21,1
ow-,21,1
eor,21,1
11#,21,1
#1-,21,1
yop,21,0
yol,21,0
ttl,21,0
sy#,21,0
oka,21,0
nsh,21,0
hiz,21,0
dou,21,0
do#,21,0
Tc#,21,0
Bas,21,0
AIN,21,0
5)#,21,0
.1#,21,0
#QD,21,0
lor,20,240
oro,20,102
don,20,87
sem,20,63
ibr,20,47
rvo,20,17
uth,20,7
nom,20,7
#45,20,7
3)#,20,6
id-,20,5
rig,20,4
nke,20,4
mad,20,4
#go,20,4
fit,20,3
una,20,0
sie,20,0
on;,20,0
obl,20,0
ng:,20,0
lsi,20,0
lf#,20,0
irr,20,0
g:#,20,0
eps,20,0
edl,20,0
T)#,20,0
Joh,20,0
CAT,20,0
Add,20,0
150,20,0
-bi,20,0
-ba,20,0
(an,20,0
(50,20,0
#Un,20,0
#(w,20,0
#(8,20,0
ycl,19,310
eto,19,253
ker,19,130
amm,19,69
IND,19,28
noc,19,19
vou,19,17
leu,19,16
#En,19,15
zop,19,14
lvi,19,11
lmo,19,11
dot,19,11
nem,19,7
lob,19,6
#C#,19,6
tiz,19,5
pse,19,5
rce,19,4
ng-,19,3
ebr,19,3
uca,19,2
#CL,19,2
opp,19,1
a(2,19,1
Ca(,19,1
2+),19,1
-te,19,1
(2+,19,1
ysf,19,0
sif,19,0
s/m,19,0
rup,19,0
ruc,19,0
rn#,19,0
pie,19,0
pef,19,0
oub,19,0
lyz,19,0
lk#,19,0
kly,19,0
jun,19,0
i.e,19,0
ekl,19,0
cca,19,0
c.),19,0
To#,19,0
St#,19,0
Rep,19,0
E1#,19,0
Cmi,19,0
CLI,19,0
125,19,0
0-2,19,0
(a#,19,0
#Jo,19,0
#75,19,0
#7.,19,0
#-t,19,0
cyc,18,285
pam,18,169
eop,18,162
X##,18,135
iot,18,114
dex,18,56
fel,18,43
#Li,18,36
alg,18,25
nev,18,23
#Hy,18,23
asa,18,20
Fur,18,17
#18,18,17
ON#,18,15
ip#,18,14
obu,18,13
IV#,18,13
sof,18,10
ipa,18,10
pt#,18,9
ixe,18,9
gem,18,9
#Sy,18,6
une,18,4
xed,18,2
+)#,18,2
#CI,18,1
zur,18,0
yze,18,0
y:#,18,0
xia,18,0
wom,18,0
we#,18,0
vs#,18,0
tut,18,0
ts),18,0
thw,18,0
te),18,0
sue,18,0
smi,18,0
rgl,18,0
ol/,18,0
n:#,18,0
lie,18,0
izu,18,0
hwa,18,0
goi,18,0
fe-,18,0
eiz,18,0
e;#,18,0
cog,18,0
beg,18,0
bab,18,0
We#,18,0
VII,18,0
THE,18,0
Imp,18,0
ID),18,0
90%,18,0
60%,18,0
2E1,18,0
13#,18,0
-45,18,0
#ul,18,0
#h#,18,0
#US,18,0
##],18,0
##.,18,0
cke,17,130
b##,17,115
isa,17,90
#Am,17,74
dal,17,71
fla,17,69
dop,17,68
#VI,17,62
igi,17,60
fib,17,47
#Ce,17,30
bat,17,26
nap,17,21
ild,17,20
HIV,17,17
-ac,17,8
rne,17,6
fas,17,6
CTI,17,6
#Sp,17,6
T3#,17,5
Y##,17,4
nre,17,3
##x,17,3
NDI,17,2
xhi,17,0
sms,17,0
six,17,0
on:,17,0
m)#,17,0
kne,17,0
itc,17,0
i.d,17,0
exh,17,0
eum,17,0
eld,17,0
edo,17,0
[e.,17,0
P-4,17,0
ONT,17,0
95%,17,0
3-f,17,0
0.5,17,0
0.2,17,0
.i.,17,0
.4#,17,0
#vs,17,0
#[e,17,0
#TH,17,0
#EC,17,0
#38,17,0
#22,17,0
#1A,17,0
#(I,17,0
#(6,17,0
dig,16,254
ama,16,169
iri,16,147
xac,16,131
flo,16,109
obe,16,77
gne,16,74
ipt,16,63
git,16,56
cci,16,37
#Cy,16,36
ung,16,31
lot,16,29
-di,16,20
#ol,16,20
#5-,16,20
#HI,16,14
ski,16,13
lka,16,13
#Bl,16,12
iru,16,10
leo,16,7
Sim,16,7
Par,16,7
#sk,16,4
ulm,16,2
iog,16,2
ioc,16,1
NTR,16,1
#(S,16,1
umu,16,0
te-,16,0
rdo,16,0
pte,16,0
onk,16,0
nus,16,0
nle,16,0
ms/,16,0
me-,16,0
loy,16,0
ll-,16,0
key,16,0
kad,16,0
gme,16,0
gh-,16,0
eus,16,0
es:,16,0
eep,16,0
e.#,16,0
e-b,16,0
dyc,16,0
blu,16,0
aer,16,0
UC),16,0
RAI,16,0
ONC,16,0
L)#,16,0
ING,16,0
DIC,16,0
Aft,16,0
25%,16,0
21#,16,0
199,16,0
.e.,16,0
.6#,16,0
.25,16,0
(ma,16,0
#ae,16,0
#(u,16,0
mid,15,366
toi,15,231
lco,15,113
ulo,15,41
noa,15,40
apt,15,32
lge,15,25
Ind,15,21
AL#,15,21
#At,15,16
##X,15,16
ENT,15,15
sca,15,13
#RE,15,13
alm,15,9
-se,15,8
Cyt,15,7
rch,15,6
All,15,5
reo,15,4
Tre,15,4
#Mu,15,3
wth,15,2
pal,15,2
oct,15,2
Dur,15,2
ATE,15,2
#IV,15,2
ogs,15,1
fli,15,1
al),15,1
#El,15,1
ynd,15,0
wis,15,0
upo,15,0
unr,15,0
tti,15,0
sks,15,0
poc,15,0
pH#,15,0
oke,15,0
ogn,15,0
nui,15,0
mcg,15,0
jug,15,0
io#,15,0
in),15,0
foo,15,0
eon,15,0
cee,15,0
akn,15,0
NR#,15,0
Ele,15,0
ECT,15,0
ECG,15,0
At#,15,0
8)#,15,0
16#,15,0
.3#,15,0
.2#,15,0
.05,15,0
.0#,15,0
-24,15,0
(se,15,0
(or,15,0
(ap,15,0
(30,15,0
#pH,15,0
#mc,15,0
#eq,15,0
#]#,15,0
#Tw,15,0
#GI,15,0
#35,15,0
#1%,15,0
#(r,15,0
#(7,15,0
far,14,248
igo,14,244
Ant,14,185
-bl,14,76
apa,14,66
O##,14,56
xan,14,50
umi,14,36
ioi,14,32
cic,14,29
lom,14,22
urb,14,20
alb,14,17
F##,14,16
-ty,14,16
orb,14,14
Cer,14,14
#TO,14,13
#Mi,14,11
#(M,14,11
opl,14,10
usp,14,9
uss,14,7
Suc,14,6
owt,14,2
nod,14,2
agi,14,2
ulc,14,1
ucu,14,1
auc,14,1
Tha,14,1
NS-,14,1
-ma,14,1
yel,14,0
urn,14,0
sei,14,0
ryo,14,0
rni,14,0
r)#,14,0
pep,14,0
oye,14,0
oty,14,0
nsa,14,0
n-b,14,0
mas,14,0
mak,14,0
lre,14,0
ipp,14,0
hyc,14,0
h)#,14,0
gs:,14,0
few,14,0
etc,14,0
erd,14,0
ed-,14,0
aug,14,0
alr,14,0
aem,14,0
TED,14,0
SIO,14,0
R)#,14,0
Pos,14,0
Dec,14,0
CI#,14,0
CG#,14,0
60#,14,0
2A6,14,0
14%,14,0
.d#,14,0
(i.,14,0
(da,14,0
(co,14,0
#mm,14,0
#Wo,14,0
#Fr,14,0
#36,14,0
#(N,14,0
nol,13,288
#ke,13,149
cet,13,130
yl#,13,77
#MA,13,68
nad,13,65
acr,13,55
um-,13,30
axa,13,26
ban,13,22
K##,13,20
nag,13,16
cam,13,15
Blo,13,14
mel,13,13
Nev,13,11
#Pe,13,11
#ME,13,11
Mon,13,8
rt-,13,6
liu,13,5
TER,13,5
iqu,13,4
Spe,13,4
#AN,13,4
yse,13,3
Sev,13,3
CLU,13,3
CHO,13,3
80#,13,3
#ed,13,3
rul,13,2
lir,13,2
Inf,13,2
ois,13,1
ND#,13,1
wat,13,0
vic,13,0
usa,13,0
uid,13,0
ugm,13,0
ttr,13,0
tma,13,0
tc.,13,0
sov,13,0
sab,13,0
ows,13,0
ool,13,0
ns;,13,0
mye,13,0
mL/,13,0
l:#,13,0
l-f,13,0
ioe,13,0
inl,13,0
ilk,13,0
hns,13,0
ett,13,0
ep#,13,0
cg#,13,0
bs#,13,0
b.i,13,0
aye,13,0
USP,13,0
USI,13,0
Sub,13,0
RMA,13,0
P-g,13,0
On#,13,0
OLO,13,0
NCL,13,0
LUS,13,0
HOP,13,0
GI#,13,0
A6#,13,0
6)#,13,0
23#,13,0
2-f,13,0
/m2,13,0
.g#,13,0
.7#,13,0
.00,13,0
-1),13,0
-0.,13,0
(th,13,0
(me,13,0
(-1,13,0
#mM,13,0
#b.,13,0
#28,13,0
azo,12,613
ta-,12,109
asp,12,89
nel,12,75
lsa,12,41
rpr,12,27
dam,12,27
Non,12,22
op#,12,14
-fl,12,12
dri,12,11
ltr,12,9
#AV,12,9
#PH,12,6
eby,12,5
Red,12,5
NIC,12,5
COL,12,5
-la,12,5
Gen,12,4
ic-,12,3
PHA,12,3
#Hi,12,3
#CH,12,3
sex,12,2
igl,12,2
go#,12,2
e-l,12,2
e-c,12,2
S)#,12,2
Cat,12,2
nni,12,1
ACO,12,1
35#,12,1
xpl,12,0
vea,12,0
sui,12,0
rsa,12,0
oom,12,0
onu,12,0
new,12,0
mbs,12,0
hoo,12,0
hn#,12,0
h-d,12,0
g-t,12,0
fiv,12,0
etu,12,0
e-i,12,0
dry,12,0
bea,12,0
ask,12,0
al:,12,0
ais,12,0
YP4,12,0
TS:,12,0
Rea,12,0
P)#,12,0
OGY,12,0
LOG,12,0
IV-,12,0
I:#,12,0
HAR,12,0
ESU,12,0
Due,12,0
Coo,12,0
CI:,12,0
CAL,12,0
ARM,12,0
AC#,12,0
80%,12,0
240,12,0
16%,12,0
10(,12,0
1.0,12,0
0-1,12,0
/ml,12,0
/:#,12,0
-ti,12,0
-ho,12,0
))#,12,0
(ra,12,0
(1#,12,0
#ut,12,0
#90,12,0
#27,12,0
#26,12,0
#+1,12,0
#(f,12,0
nid,11,195
hia,11,163
naf,11,88
lbu,11,64
pur,11,50
tyr,11,49
#Na,11,39
bic,11,36
elf,11,33
ubi,11,31
uni,11,30
nac,11,30
pox,11,28
n-s,11,27
gal,11,26
Ana,11,26
exo,11,25
sci,11,23
Nor,11,14
#TI,11,14
rli,11,13
nso,11,13
Sta,11,12
nab,11,10
SUL,11,10
sos,11,8
ehy,11,8
deh,11,8
RES,11,8
-pr,11,8
#4-,11,8
try,11,7
nxi,11,7
anx,11,7
#il,11,7
#AD,11,7
buf,11,6
#Gr,11,6
STR,11,5
nno,11,4
Rec,11,4
#AT,11,4
#Cr,11,3
re-,11,2
#Fa,11,2
#-r,11,2
o-t,11,1
nae,11,1
T4#,11,1
#T4,11,1
yma,11,0
ws#,11,0
wo-,11,0
uiv,11,0
t:#,11,0
sa#,11,0
rur,11,0
pne,11,0
pig,11,0
pht,11,0
ott,11,0
o-c,11,0
nei,11,0
mbl,11,0
lyi,11,0
loa,11,0
le/,11,0
l-c,11,0
ixt,11,0
is),11,0
il-,11,0
ie#,11,0
htl,11,0
hth,11,0
ht),11,0
hli,11,0
hec,11,0
hap,11,0
ewe,11,0
ewa,11,0
dow,11,0
cks,11,0
bo-,11,0
atc,11,0
Wor,11,0
ULT,11,0
SP#,11,0
QD#,11,0
NS:,11,0
LTS,11,0
HAA,11,0
Be#,11,0
AV#,11,0
ART,11,0
AAR,11,0
5%),11,0
38%,11,0
22%,11,0
10-,11,0
1.5,11,0
05),11,0
0.3,11,0
/mi,11,0
/l#,11,0
.5%,11,0
-lo,11,0
-bo,11,0
*##,11,0
(60,11,0
(5#,11,0
(12,11,0
#ng,11,0
#kg,11,0
#M),11,0
#Av,11,0
#85,11,0
#48,11,0
#33,11,0
#3.,11,0
#23,11,0
#/:,11,0
zol,10,582
am#,10,292
myc,10,264
rbi,10,192
rif,10,119
iro,10,90
pyr,10,88
IN#,10,83
oqu,10,44
TIV,10,34
eso,10,29
ado,10,26
IVE,10,21
uto,10,20
ips,10,20
reu,10,16
bum,10,14
#io,10,14
Ben,10,12
euk,10,10
rus,10,9
nov,10,9
ecl,10,9
gue,10,7
Mor,10,7
#BE,10,7
nsc,10,6
n-d,10,6
5-f,10,5
smo,10,4
RT#,10,4
-an,10,4
lmi,10,3
hir,10,3
Sys,10,3
#lu,10,3
m-d,10,2
ink,10,2
nex,10,1
na#,10,1
e-r,10,1
al-,10,1
#(R,10,1
ync,10,0
xpr,10,0
wde,10,0
vok,10,0
ubt,10,0
ubc,10,0
t-m,10,0
ry-,10,0
rct,10,0
p.o,10,0
owd,10,0
orn,10,0
og/,10,0
ngt,10,0
ng/,10,0
n=1,10,0
mok,10,0
in/,10,0
hoc,10,0
heu,10,0
hag,10,0
gn#,10,0
g/l,10,0
fes,10,0
erw,10,0
ehl,10,0
e-e,10,0
e-#,10,0
de:,10,0
bry,10,0
a)#,10,0
TO#,10,0
THO,10,0
QD),10,0
Of#,10,0
Not,10,0
JEC,10,0
INT,10,0
Hig,10,0
Gra,10,0
Feh,10,0
Dat,10,0
Ani,10,0
Als,10,0
A.C,10,0
8%),10,0
5-m,10,0
4-f,10,0
2C8,10,0
250,10,0
1.2,10,0
0.7,10,0
0(-,10,0
/L#,10,0
.C#,10,0
.8#,10,0
-we,10,0
-ce,10,0
-10,10,0
+##,10,0
(pr,10,0
(p#,10,0
(ab,10,0
(P#,10,0
():,10,0
#x#,10,0
#p.,10,0
#ml,10,0
#i.,10,0
#hr,10,0
#TB,10,0
#Of,10,0
#A.,10,0
#6.,10,0
##",10,0
"##,10,0
yci,9,263
bar,9,148
ido,9,140
fam,9,128
luo,9,94
rex,9,85
xat,9,80
cil,9,77
odo,9,70
evo,9,56
ald,9,46
abu,9,44
#Lo,9,39
#PR,9,33
rub,9,31
ORA,9,28
ipo,9,27
Clo,9,27
uan,9,26
gio,9,26
iop,9,22
xyl,9,19
gri,9,16
bus,9,15
ACT,9,15
#Es,9,15
-hy,9,14
og#,9,11
os#,9,9
ird,9,9
igr,9,8
ylo,9,7
n-t,9,7
ETH,9,7
fan,9,6
MET,9,6
Act,9,6
-1#,9,6
#Bi,9,6
MIN,9,5
48#,9,5
#6-,9,5
rso,9,4
inn,9,4
ada,9,4
RAT,9,4
-2#,9,4
#M#,9,4
#Ev,9,4
irt,9,3
e-h,9,3
NT#,9,3
IST,9,3
Cha,9,3
#Ab,9,3
Ste,9,2
roh,9,1
pap,9,1
nur,9,1
mm#,9,1
TES,9,1
1-m,9,1
-ex,9,1
#T3,9,1
#Gi,9,1
y-o,9,0
wid,9,0
wab,9,0
w-d,9,0
us-,9,0
urg,9,0
ts;,9,0
sle,9,0
rua,9,0
rpo,9,0
re),9,0
r:#,9,0
osm,9,0
or),9,0
oo#,9,0
off,9,0
od-,9,0
niq,9,0
nie,9,0
m2#,9,0
hew,9,0
gth,9,0
gor,9,0
geo,9,0
gel,9,0
ed),9,0
e-s,9,0
dva,9,0
dd#,9,0
d:#,9,0
cqu,9,0
coo,9,0
cad,9,0
c)#,9,0
bru,9,0
bbi,9,0
acq,9,0
abb,9,0
UC0,9,0
Two,9,0
Sig,9,0
ST),9,0
Ren,9,0
Rat,9,0
P.A,9,0
NIS,9,0
NG#,9,0
N=1,9,0
L/h,9,0
IM#,9,0
I)#,9,0
HOD,9,0
HE#,9,0
G)#,9,0
Fre,9,0
FI#,9,0
Exc,9,0
Can,9,0
C8#,9,0
C0-,9,0
C.P,9,0
BSA,9,0
BJE,9,0
Aff,9,0
7.5,9,0
50-,9,0
3T3,9,0
3-#,9,0
27%,9,0
2-#,9,0
18#,9,0
12-,9,0
12),9,0
12%,9,0
10),9,0
1.3,9,0
.P.,9,0
-up,9,0
-as,9,0
-3T,9,0
(wi,9,0
(us,9,0
(n#,9,0
(e#,9,0
(Cm,9,0
's#,9,0
#sw,9,0
#g#,9,0
#FI,9,0
#Ea,9,0
#C.,9,0
#72,9,0
#70,9,0
#5.,9,0
#43,9,0
#34,9,0
#31,9,0
#2E,9,0
#29,9,0
#0-,9,0
#+#,9,0
#(T,9,0
#(E,9,0
#(D,9,0
iaz,8,411
icy,8,192
ulf,8,119
alp,8,106
ryt,8,103
cyl,8,69
pio,8,60
tyl,8,48
#Ap,8,43
oam,8,40
uor,8,36
oat,8,36
ham,8,32
aza,8,31
rco,8,24
-sp,8,23
OR#,8,21
ibo,8,17
moc,8,11
coi,8,10
rbe,8,8
ocr,8,8
arn,8,8
Hep,8,8
#Ga,8,8
chn,8,7
rlo,8,6
rgy,8,5
otu,8,5
mut,8,5
Uri,8,5
4-h,8,5
#Ur,8,5
D2#,8,4
-Dr,8,4
#DE,8,4
ryp,8,3
olt,8,3
oal,8,3
TS#,8,3
#P#,8,3
#My,8,3
#HA,8,3
uko,8,2
npr,8,2
Rel,8,2
GS#,8,2
#(H,8,2
fid,8,1
en-,8,1
Sup,8,1
Sho,8,1
Amo,8,1
AND,8,1
-ne,8,1
-12,8,1
(at,8,1
#Sh,8,1
#I#,8,1
yet,8,0
xtu,8,0
xog,8,0
xcl,8,0
unb,8,0
um),8,0
uis,8,0
uar,8,0
ty;,8,0
tow,8,0
swi,8,0
sef,8,0
sad,8,0
rwi,8,0
rs:,8,0
rk#,8,0
rds,8,0
ptl,8,0
ppi,8,0
pow,8,0
owa,8,0
ork,8,0
ops,8,0
oft,8,0
nt-,8,0
n/B,8,0
mya,8,0
mst,8,0
ml#,8,0
miu,8,0
ltu,8,0
ls;,8,0
li#,8,0
l/l,8,0
l/L,8,0
kil,8,0
imb,8,0
hni,8,0
hma,8,0
exu,8,0
es;,8,0
ego,8,0
ees,8,0
d;#,8,0
anu,8,0
abr,8,0
])#,8,0
YP),8,0
Tox,8,0
TBG,8,0
See,8,0
SA),8,0
P2E,8,0
P2A,8,0
OP#,8,0
ODS,8,0
OBJ,8,0
NTE,8,0
NR),8,0
NIN,8,0
IX#,8,0
Hg#,8,0
Hea,8,0
HOU,8,0
GY#,8,0
Exp,8,0
Eac,8,0
ERM,8,0
Bin,8,0
BG),8,0
BE#,8,0
B23,8,0
Ame,8,0
Abs,8,0
AT#,8,0
ALT,8,0
A4),8,0
=12,8,0
9)#,8,0
70#,8,0
50I,8,0
45%,8,0
28%,8,0
24%,8,0
21%,8,0
17%,8,0
1.7,8,0
0II,8,0
/h#,8,0
/B2,8,0
.A#,8,0
.5-,8,0
-mo,8,0
-ca,8,0
*;#,8,0
(de,8,0
(95,8,0
(4#,8,0
#g.,8,0
#ax,8,0
#T#,8,0
#SH,8,0
#OB,8,0
#Ig,8,0
#Hg,8,0
#DR,8,0
#49,8,0
#(l,8,0
rfa,7,249
oxa,7,241
eny,7,240
ifa,7,148
nyl,7,119
rph,7,109
nop,7,83
dol,7,80
yra,7,77
ilt,7,64
a-b,7,59
got,7,49
TCA,7,38
PT#,7,25
ucc,7,24
#CA,7,23
pty,7,22
#gu,7,22
#NI,7,20
Acc,7,18
eup,7,17
hop,7,15
#Le,7,15
ios,7,14
bid,7,14
ixi,7,13
TOR,7,13
#LE,7,13
AS#,7,10
pru,7,7
ogu,7,7
EST,7,7
Cla,7,7
AST,7,7
45#,7,7
#PI,7,7
t-t,7,6
sme,7,6
osc,7,6
lio,7,6
TID,7,6
#ER,7,6
t-a,7,5
ERA,7,5
urf,7,4
ohy,7,4
mab,7,4
bia,7,4
Med,7,4
E)#,7,4
Dep,7,4
#RA,7,4
#D2,7,4
#BA,7,4
rki,7,3
nio,7,3
Per,7,3
OTH,7,3
ylt,7,2
de-,7,2
cag,7,2
bla,7,2
Mul,7,2
Cro,7,2
-pe,7,2
#ru,7,2
#Ja,7,2
spr,7,1
put,7,1
aes,7,1
ads,7,1
WAR,7,1
Tra,7,1
-pl,7,1
#WA,7,1
#Nu,7,1
#IM,7,1
yas,7,0
xua,7,0
xt#,7,0
xag,7,0
wes,7,0
w-u,7,0
vem,7,0
veh,7,0
v)#,7,0
utw,7,0
uou,7,0
udd,7,0
tne,7,0
tex,7,0
t-p,7,0
t-e,7,0
sud,7,0
st),7,0
sha,7,0
se],7,0
sde,7,0
ryi,7,0
rtu,7,0
rsu,7,0
rs;,7,0
rru,7,0
roM,7,0
py:,7,0
pus,7,0
pis,7,0
orl,7,0
oof,7,0
oim,7,0
oas,7,0
nuo,7,0
nsm,7,0
nsd,7,0
ngf,7,0
nbo,7,0
n-r,7,0
n-m,7,0
n-l,7,0
mug,7,0
mpu,7,0
ml),7,0
me),7,0
mam,7,0
mM),7,0
mL),7,0
m/v,7,0
ly;,7,0
ls/,7,0
kth,7,0
kg(,7,0
ke-,7,0
kag,7,0
jur,7,0
ils,7,0
idl,7,0
ic),7,0
hun,7,0
hrs,7,0
gfu,7,0
g-D,7,0
g(-,7,0
ft#,7,0
fri,7,0
eov,7,0
elv,7,0
ehi,7,0
ed;,7,0
eab,7,0
e/b,7,0
e-1,7,0
dy),7,0
diz,7,0
d.),7,0
d-r,7,0
d-b,7,0
cio,7,0
bcu,7,0
akt,7,0
aka,7,0
ae#,7,0
a:#,7,0
UC(,7,0
SST,7,0
RUG,7,0
RNI,7,0
PK#,7,0
Nep,7,0
N:#,7,0
Mut,7,0
Mos,7,0
Mol,7,0
Mea,7,0
MCF,7,0
Her,7,0
HER,7,0
Giv,7,0
Foo,7,0
F-7,7,0
Exa,7,0
EVE,7,0
E:#,7,0
DS:,7,0
DRU,7,0
CF-,7,0
C50,7,0
App,7,0
ARN,7,0
85#,7,0
8.5,7,0
7%),7,0
6-f,7,0
57#,7,0
35%,7,0
33%,7,0
28#,7,0
24-,7,0
23%,7,0
197,7,0
13%,7,0
12h,7,0
11.,7,0
11%,7,0
1.4,7,0
01#,7,0
0.4,7,0
/v),7,0
/bu,7,0
/-0,7,0
.9%,7,0
.7%,7,0
.3-,7,0
-ye,7,0
-pa,7,0
-ob,7,0
-ha,7,0
-7#,7,0
-3#,7,0
*;;,7,0
(on,7,0
(mi,7,0
(m/,7,0
(by,7,0
(al,7,0
(TB,7,0
(90,7,0
(15,7,0
(0-,7,0
();,7,0
()-,7,0
#tm,7,0
#m#,7,0
#jo,7,0
#[C,7,0
#LD,7,0
#BS,7,0
#95,7,0
#9#,7,0
#7-,7,0
#44,7,0
#39,7,0
#1/,7,0
#-b,7,0
#*;,7,0
#(h,7,0
hlo,6,195
chl,6,178
#ni,6,151
aro,6,136
oda,6,84
cot,6,50
lfo,6,46
#D#,6,44
tet,6,42
#TC,6,41
STI,6,39
RAC,6,38
#SU,6,36
mim,6,32
gli,6,29
lph,6,24
#1,,6,24
isu,6,22
INE,6,21
ovo,6,19
SE#,6,19
#K#,6,18
3-d,6,17
#DI,6,16
xon,6,15
#Sa,6,15
hid,6,11
OSA,6,11
AMP,6,11
boc,6,9
yde,6,8
tap,6,7
o-f,6,7
upi,6,6
iom,6,6
haz,6,6
ER#,6,6
B12,6,6
#Br,6,6
#B1,6,6
yre,6,5
von,6,5
eos,6,5
Imm,6,5
Dis,6,5
#Ha,6,5
ypi,6,4
oet,6,4
kep,6,4
AGE,6,4
#DO,6,4
n-a,6,3
Enz,6,3
DOS,6,3
-su,6,3
#FR,6,3
#99,6,3
xio,6,2
ube,6,2
orc,6,2
ols,6,2
nul,6,2
mop,6,2
lai,6,2
Sol,6,2
Phy,6,2
Ped,6,2
Fol,6,2
zar,6,1
goc,6,1
e-a,6,1
Mot,6,1
GE#,6,1
Ent,6,1
ARE,6,1
#AS,6,1
ysr,6,0
ysp,6,0
yon,6,0
x)#,6,0
wly,6,0
utp,6,0
ush,6,0
unp,6,0
umm,6,0
uba,6,0
ty-,6,0
tse,6,0
tep,6,0
teo,6,0
ss-,6,0
sne,6,0
siz,6,0
s.c,6,0
rue,6,0
rtn,6,0
rpy,6,0
rka,6,0
rfu,6,0
rei,6,0
r-p,6,0
pub,6,0
pe),6,0
p)#,6,0
ook,6,0
ng),6,0
m:#,6,0
lui,6,0
ls),6,0
lih,6,0
lcu,6,0
k)#,6,0
joi,6,0
in;,6,0
iho,6,0
ief,6,0
hy/,6,0
hit,6,0
gus,6,0
gui,6,0
ge-,6,0
g/r,6,0
foc,6,0
fee,6,0
esh,6,0
erk,6,0
eol,6,0
elp,6,0
ed:,6,0
ed.,6,0
e]#,6,0
e-n,6,0
dle,6,0
dee,6,0
d-g,6,0
cma,6,0
bty,6,0
bir,6,0
axo,6,0
ax),6,0
at/,6,0
asy,6,0
[CI,6,0
[90,6,0
Uni,6,0
ULD,6,0
Twe,6,0
Tak,6,0
TBg,6,0
SHO,6,0
SAG,6,0
S-a,6,0
Rar,6,0
Pop,6,0
Pgp,6,0
PD#,6,0
P2#,6,0
OUL,6,0
OP-,6,0
OF#,6,0
Nam,6,0
NIT,6,0
NGS,6,0
M1#,6,0
Lim,6,0
LD#,6,0
IgA,6,0
II-,6,0
Gel,6,0
DMI,6,0
D:#,6,0
BAC,6,0
Afr,6,0
Aer,6,0
Adj,6,0
ADM,6,0
<##,6,0
;*;,6,0
99.,6,0
9.9,6,0
88#,6,0
8-f,6,0
75%,6,0
72#,6,0
7.3,6,0
7)#,6,0
50),6,0
46%,6,0
43%,6,0
4%),6,0
36%,6,0
34%,6,0
2B6,6,0
2:#,6,0
26#,6,0
198,6,0
19%,6,0
180,6,0
18%,6,0
17-,6,0
17#,6,0
14),6,0
13.,6,0
12.,6,0
1/2,6,0
1.1,6,0
01),6,0
0.9,6,0
/ra,6,0
/er,6,0
/L),6,0
/2#,6,0
.o#,6,0
.01,6,0
-ef,6,0
-20,6,0
,00,6,0
)-i,6,0
(tw,6,0
(fo,6,0
(N=,6,0
(80,6,0
#s.,6,0
#os,6,0
#ie,6,0
#cm,6,0
#[9,6,0
#X#,6,0
#SG,6,0
#S.,6,0
#P2,6,0
#OF,6,0
#N=,6,0
#MC,6,0
#M1,6,0
#Ae,6,0
#<#,6,0
#9.,6,0
#8.,6,0
#54,6,0
#52,6,0
#4%,6,0
#32,6,0
#3%,6,0
#2A,6,0
#/k,6,0
#/e,6,0
#.0,6,0
#-s,6,0
#-l,6,0
#-a,6,0
#+4,6,0
#**,6,0
#*#,6,0
#);,6,0
#(O,6,0
#(B,6,0
##<,6,0
##',6,0
##%,6,0
arb,5,352
dip,5,137
lid,5,116
mio,5,80
upr,5,68
#Va,5,61
yri,5,47
#Ri,5,46
Lit,5,33
CA#,5,29
PRO,5,26
#Gl,5,26
-Co,5,24
gua,5,22
ypn,5,20
isr,5,20
nc#,5,19
cra,5,19
Iso,5,16
IA#,5,16
#Is,5,16
ony,5,15
TH#,5,14
FOR,5,14
NA#,5,13
COP,5,13
#ST,5,13
loq,5,12
loi,5,12
lav,5,12
eom,5,12
-en,5,12
#Ty,5,12
#AL,5,12
#Ep,5,11
#AR,5,11
ump,5,10
Typ,5,10
Est,5,10
MIC,5,9
#N-,5,9
#PT,5,8
#8-,5,8
DIA,5,7
meg,5,6
lub,5,6
dac,5,6
SA#,5,6
Dia,5,6
DL#,5,6
xie,5,5
udo,5,5
seu,5,5
eud,5,5
LEV,5,5
Aci,5,5
-ch,5,5
#Op,5,5
rc#,5,4
myl,5,4
ly-,5,4
ICR,5,4
Eve,5,4
EN#,5,4
Cs#,5,4
25-,5,4
#PA,5,4
#NA,5,4
soq,5,3
deb,5,3
VEL,5,3
NTS,5,3
Glu,5,3
BLE,5,3
#xa,5,3
#Ki,5,3
#Fi,5,3
sfo,5,2
sfa,5,2
psi,5,2
o-d,5,2
eot,5,2
ceu,5,2
RE#,5,2
NS),5,2
Dif,5,2
Cap,5,2
CR#,5,2
#TE,5,2
#Cu,5,2
#CP,5,2
rto,5,1
nsl,5,1
mir,5,1
lau,5,1
Syn,5,1
Myo,5,1
Gas,5,1
Cur,5,1
B6#,5,1
90#,5,1
(1),5,1
#eg,5,1
#Ps,5,1
#B-,5,1
ysa,5,0
yos,5,0
xcy,5,0
wsi,5,0
wof,5,0
vom,5,0
v##,5,0
utu,5,0
ury,5,0
urp,5,0
uns,5,0
ulu,5,0
ugi,5,0
tpu,5,0
tix,5,0
t;#,5,0
t-r,5,0
ssm,5,0
spn,5,0
so-,5,0
se;,5,0
s;;,5,0
s-I,5,0
s);,5,0
ry),5,0
rtl,5,0
ror,5,0
rns,5,0
reh,5,0
rdl,5,0
ray,5,0
r-t,5,0
r-d,5,0
pup,5,0
owl,5,0
ok#,5,0
oie,5,0
obj,5,0
o)#,5,0
nwa,5,0
ns),5,0
ne;,5,0
ne),5,0
n=2,5,0
n-i,5,0
ms),5,0
mov,5,0
mog,5,0
mm3,5,0
mly,5,0
ml/,5,0
mL(,5,0
m3#,5,0
ldb,5,0
ld),5,0
la#,5,0
kop,5,0
isf,5,0
ii#,5,0
ig#,5,0
ier,5,0
iel,5,0
id),5,0
iae,5,0
hr#,5,0
hog,5,0
hee,5,0
he-,5,0
gp#,5,0
gA#,5,0
g/#,5,0
g-m,5,0
g-i,5,0
fae,5,0
er:,5,0
er),5,0
eje,5,0
edt,5,0
eds,5,0
eck,5,0
eam,5,0
ea-,5,0
dge,5,0
dbe,5,0
da#,5,0
d-i,5,0
ctl,5,0
co#,5,0
cAM,5,0
bev,5,0
ar-,5,0
aor,5,0
am-,5,0
alv,5,0
ak),5,0
aec,5,0
VE:,5,0
V-i,5,0
Unt,5,0
UND,5,0
UDP,5,0
UCs,5,0
TT#,5,0
TIE,5,0
Str,5,0
SGP,5,0
SGO,5,0
Rha,5,0
Reg,5,0
RS#,5,0
ROU,5,0
RMB,5,0
REA,5,0
RBC,5,0
Poo,5,0
PTT,5,0
PIC,5,0
PBI,5,0
PAT,5,0
P-H,5,0
OUN,5,0
OT#,5,0
OPD,5,0
ON:,5,0
NIH,5,0
Mic,5,0
Man,5,0
MBT,5,0
LT#,5,0
LDL,5,0
L(-,5,0
KGR,5,0
ITE,5,0
IID,5,0
IH-,5,0
IFL,5,0
IEN,5,0
IEG,5,0
ID6,5,0
IC5,5,0
HDL,5,0
H-3,5,0
GRO,5,0
GPT,5,0
GOT,5,0
Fer,5,0
FDF,5,0
EAS,5,0
DST,5,0
DP-,5,0
D6:,5,0
CT#,5,0
CPK,5,0
COM,5,0
CKG,5,0
By#,5,0
Bg#,5,0
B-c,5,0
Avo,5,0
Ava,5,0
Asi,5,0
ACK,5,0
>##,5,0
=18,5,0
993,5,0
93#,5,0
9%),5,0
70%,5,0
7-f,5,0
6:#,5,0
65#,5,0
41#,5,0
3A),5,0
33#,5,0
31%,5,0
3.6,5,0
3-4,5,0
3%),5,0
29#,5,0
24h,5,0
24),5,0
20-,5,0
18),5,0
14-,5,0
1.6,5,0
1)),5,0
1%),5,0
05#,5,0
03),5,0
001,5,0
0.8,5,0
0.6,5,0
/mm,5,0
/l),5,0
/IN,5,0
/5#,5,0
/30,5,0
/3#,5,0
.d.,5,0
.3%,5,0
.2%,5,0
.13,5,0
.03,5,0
-La,5,0
-IF,5,0
-HA,5,0
-52,5,0
-4#,5,0
(we,5,0
(up,5,0
(to,5,0
(pe,5,0
(fr,5,0
(ex,5,0
(ba,5,0
(SG,5,0
(IN,5,0
(IC,5,0
(Hy,5,0
(Co,5,0
(;#,5,0
(8#,5,0
(7.,5,0
(3.,5,0
(2-,5,0
(2#,5,0
#s:,5,0
#eu,5,0
#cA,5,0
#aw,5,0
#ao,5,0
#ai,5,0
#[],5,0
#Rh,5,0
#IX,5,0
#HD,5,0
#FD,5,0
#By,5,0
#;;,5,0
#69,5,0
#66,5,0
#65,5,0
#63,5,0
#62,5,0
#6%,5,0
#5%,5,0
#46,5,0
#0#,5,0
#(L,5,0
#(;,5,0
#'s,5,0
gox,4,241
cai,4,101
##z,4,89
nzo,4,65
i-i,4,58
rbo,4,54
a-a,4,47
Dig,4,44
CE#,4,44
pip,4,42
#SS,4,37
AN#,4,36
amy,4,33
opy,4,32
#Wa,4,31
ilo,4,30
UST,4,26
DOL,4,26
ra#,4,25
Asp,4,24
RAD,4,23
ADO,4,23
RA#,4,22
iba,4,21
IDE,4,21
pno,4,20
oic,4,20
ro-,4,16
eft,4,15
ASE,4,15
TIN,4,14
Ins,4,13
iep,4,12
Mef,4,11
pso,4,10
US#,4,10
Neu,4,10
RAS,4,9
5-H,4,9
-HT,4,9
#Ro,4,9
lef,4,8
gil,4,8
NTI,4,7
ESI,4,7
pel,4,6
MP#,4,6
(3),4,6
yno,4,5
enl,4,5
NCE,4,5
-ph,4,5
#OR,4,5
ske,4,4
sac,4,4
osy,4,4
n-c,4,4
lbi,4,4
es-,4,4
ab#,4,4
MEN,4,4
BIN,4,4
rda,4,3
ift,4,3
egl,4,3
c-b,4,3
arp,4,3
VEN,4,3
Pri,4,3
Chi,4,3
rpl,4,2
nip,4,2
lei,4,2
d-s,4,2
coe,4,2
Pho,4,2
Mar,4,2
#AP,4,2
ypt,4,1
olg,4,1
nvi,4,1
m/m,4,1
fix,4,1
bop,4,1
aur,4,1
S-d,4,1
REM,4,1
-on,4,1
zzi,4,0
ye#,4,0
y/R,4,0
y.),4,0
wsh,4,0
wn;,4,0
wen,4,0
wan,4,0
w.),4,0
veo,4,0
vag,4,0
usn,4,0
upl,4,0
uod,4,0
umn,4,0
udg,4,0
ucb,4,0
ubm,4,0
tou,4,0
thl,4,0
tco,4,0
t-f,4,0
ssf,4,0
ss),4,0
sru,4,0
srh,4,0
s],4,0
s/d,4,0
s"#,4,0
rty,4,0
rt),4,0
rld,4,0
rla,4,0
r-#,4,0
py),4,0
ply,4,0
peo,4,0
pab,4,0
oml,4,0
oM),4,0
o.),4,0
o-p,4,0
o-#,4,0
ntu,4,0
nt:,4,0
ns-,4,0
nro,4,0
nme,4,0
nig,4,0
ngu,4,0
nau,4,0
n=#,4,0
my#,4,0
mse,4,0
mps,4,0
mn#,4,0
maf,4,0
mM#,4,0
mEq,4,0
lp#,4,0
liq,4,0
lgu,4,0
l/m,4,0
l-i,4,0
l-d,4,0
kew,4,0
kar,4,0
jud,4,0
izz,4,0
igu,4,0
ia:,4,0
i.p,4,0
i-p,4,0
ht-,4,0
hoh,4,0
hae,4,0
gs;,4,0
goa,4,0
gak,4,0
g;#,4,0
g/h,4,0
g-l,4,0
g-L,4,0
fly,4,0
ff#,4,0
fev,4,0
fea,4,0
f-a,4,0
f-#,4,0
eyo,4,0
ews,4,0
ewi,4,0
eui,4,0
es/,4,0
env,4,0
enr,4,0
emu,4,0
ehe,4,0
eem,4,0
ee-,4,0
eav,4,0
e.w,4,0
e.),4,0
e-f,4,0
e-3,4,0
dus,4,0
duo,4,0
dth,4,0
ds:,4,0
cyn,4,0
cub,4,0
ct:,4,0
cib,4,0
ci#,4,0
ce-,4,0
cb#,4,0
bow,4,0
bey,4,0
ayi,4,0
ar:,4,0
amu,4,0
am/,4,0
ait,4,0
a;#,4,0
Wis,4,0
WIT,4,0
V/I,4,0
Usu,4,0
Usi,4,0
UNC,4,0
TIM,4,0
TAB,4,0
Sei,4,0
SED,4,0
S.D,4,0
S-A,4,0
S-3,4,0
Ris,4,0
RNA,4,0
Pse,4,0
PSA,4,0
Our,4,0
O11,4,0
NHL,4,0
ND:,4,0
NAC,4,0
Max,4,0
MDA,4,0
M;#,4,0
Lon,4,0
LST,4,0
LC#,4,0
L05,4,0
Ki#,4,0
Jaf,4,0
IV/,4,0
ITH,4,0
INC,4,0
IIA,4,0
ID;,4,0
IA4,4,0
I-X,4,0
Hem,4,0
H)#,4,0
Fal,4,0
FR#,4,0
FL#,4,0
Ext,4,0
End,4,0
EME,4,0
Do#,4,0
DF#,4,0
D;#,4,0
D.),4,0
C(0,4,0
Bou,4,0
Bio,4,0
BT#,4,0
BC#,4,0
Ano,4,0
Acu,4,0
AS-,4,0
A4/,4,0
;;*,4,0
;;#,4,0
992,4,0
988,4,0
98%,4,0
96#,4,0
900,4,0
82%,4,0
78#,4,0
7-d,4,0
7-1,4,0
69#,4,0
67#,4,0
66%,4,0
63%,4,0
6.6,4,0
6.2,4,0
6-#,4,0
6):,4,0
58%,4,0
56%,4,0
54#,4,0
52%,4,0
52#,4,0
51%,4,0
48%,4,0
47%,4,0
46#,4,0
4/5,4,0
39%,4,0
37#,4,0
360,4,0
36#,4,0
32%,4,0
3.5,4,0
2h),4,0
29%,4,0
26%,4,0
2.3,4,0
2.2,4,0
2.0,4,0
2-w,4,0
2-5,4,0
13),4,0
103,4,0
1/3,4,0
1-#,4,0
057,4,0
005,4,0
00%,4,0
0-3,4,0
/in,4,0
/h),4,0
/do,4,0
/d#,4,0
/IM,4,0
.w.,4,0
.o.,4,0
.c.,4,0
.D.,4,0
.8%,4,0
.7-,4,0
.6-,4,0
.4-,4,0
.3),4,0
.1-,4,0
.02,4,0
-va,4,0
-ra,4,0
-ol,4,0
-le,4,0
-im,4,0
-X#,4,0
-8),4,0
-6#,4,0
-30,4,0
**#,4,0
)-#,4,0
(wh,4,0
(si,4,0
(s),4,0
(i),4,0
(eq,4,0
(ca,4,0
(ac,4,0
(SH,4,0
(MI,4,0
(DS,4,0
(75,4,0
(5-,4,0
(16,4,0
(14,4,0
(1.,4,0
'##,4,0
%);,4,0
#ws,4,0
#uc,4,0
#qd,4,0
#q.,4,0
#pn,4,0
#nc,4,0
#mE,4,0
#Yo,4,0
#XI,4,0
#WI,4,0
#UD,4,0
#Sc,4,0
#SE,4,0
#RB,4,0
#Pg,4,0
#Ou,4,0
#O1,4,0
#L0,4,0
#IE,4,0
#DS,4,0
#A2,4,0
#96,4,0
#84,4,0
#82,4,0
#7%,4,0
#67,4,0
#56,4,0
#53,4,0
#51,4,0
#42,4,0
#4.,4,0
#37,4,0
#2:,4,0
#2%,4,0
#-p,4,0
#-m,4,0
#-e,4,0
#(K,4,0
#(G,4,0
#(F,4,0
#%#,4,0
##Y,4,0
##>,4,0
aze,3,345
zep,3,277
nyt,3,214
ipr,3,118
nob,3,90
lfa,3,74
zod,3,69
lfi,3,64
sop,3,53
#TA,3,48
#HC,3,45
aqu,3,44
rtr,3,35
zon,3,34
B##,3,31
aca,3,28
NE#,3,28
SUS,3,24
Cho,3,24
Bet,3,24
EL#,3,23
Cor,3,23
xyp,3,22
syl,3,22
#TR,3,22
#Er,3,22
dap,3,19
ipe,3,18
cob,3,18
#FO,3,18
uil,3,17
oga,3,17
bog,3,17
ldo,3,15
ROT,3,15
ROM,3,15
im#,3,12
Lev,3,12
lbe,3,11
dor,3,11
tul,3,9
-wa,3,9
tax,3,8
V)#,3,8
1,2,3,8
(+),3,8
#Ti,3,8
#Ox,3,8
ot-,3,7
noi,3,7
ha#,3,7
Sil,3,7
ANT,3,7
98#,3,7
#(+,3,7
ryn,3,6
hex,3,6
fyi,3,6
cry,3,6
PRE,3,6
sou,3,5
rud,3,5
nla,3,5
Sal,3,5
REN,3,5
PI#,3,5
Oxi,3,5
Epi,3,5
AMO,3,5
3H-,3,5
164,3,5
#R-,3,5
#3H,3,5
yl-,3,4
xy-,3,4
ecy,3,4
RAP,3,4
Myc,3,4
L-C,3,4
#PO,3,4
vum,3,3
tok,3,3
lib,3,3
ifo,3,3
gou,3,3
IAM,3,3
FFE,3,3
ELS,3,3
DIN,3,3
ABL,3,3
#oi,3,3
yge,3,2
xyg,3,2
xy#,3,2
um/,3,2
ra-,3,2
oar,3,2
nty,3,2
n-o,3,2
mur,3,2
koc,3,2
Sym,3,2
RMI,3,2
Min,3,2
MON,3,2
IME,3,2
ERE,3,2
CAS,3,2
38#,3,2
16-,3,2
#ec,3,2
#SI,3,2
#NO,3,2
y-c,3,1
to-,3,1
rix,3,1
r-S,3,1
or-,3,1
lou,3,1
ilb,3,1
i-c,3,1
hoi,3,1
erh,3,1
egg,3,1
cup,3,1
cab,3,1
Vol,3,1
Thr,3,1
THR,3,1
Sep,3,1
Rev,3,1
Mix,3,1
Hum,3,1
HRO,3,1
Gua,3,1
DL-,3,1
Adv,3,1
31#,3,1
11-,3,1
-to,3,1
-es,3,1
-Bi,3,1
-4-,3,1
#t1,3,1
#n-,3,1
#a-,3,1
#Vo,3,1
#S#,3,1
#IS,3,1
#Hu,3,1
#Gu,3,1
zoa,3,0
ywe,3,0
yie,3,0
yer,3,0
y/r,3,0
y-t,3,0
y-i,3,0
y-a,3,0
xpa,3,0
xes,3,0
xci,3,0
wnw,3,0
wha,3,0
ve),3,0
utc,3,0
us),3,0
unu,3,0
ums,3,0
uip,3,0
ueo,3,0
tyi,3,0
tun,3,0
tui,3,0
tu#,3,0
tty,3,0
ts/,3,0
te:,3,0
t1/,3,0
t/d,3,0
t/3,3,0
t/1,3,0
t.i,3,0
t-l,3,0
stl,3,0
sre,3,0
squ,3,0
soa,3,0
sm),3,0
s-r,3,0
s-T,3,0
s'#,3,0
rry,3,0
ro),3,0
rej,3,0
re:,3,0
r-r,3,0
qd),3,0
q24,3,0
q12,3,0
q/L,3,0
q.d,3,0
po-,3,0
po#,3,0
pD2,3,0
p45,3,0
onm,3,0
on],3,0
on.,3,0
omn,3,0
ohi,3,0
oeq,3,0
odr,3,0
od.,3,0
oM#,3,0
o-m,3,0
nki,3,0
nk#,3,0
ni#,3,0
ng;,3,0
nd-,3,0
nc1,3,0
n=9,3,0
n=6,3,0
myd,3,0
moo,3,0
moi,3,0
mob,3,0
mMo,3,0
m2),3,0
m/z,3,0
m-n,3,0
lty,3,0
lt-,3,0
ll),3,0
lgi,3,0
lel,3,0
lag,3,0
l;#,3,0
ks),3,0
kes,3,0
io-,3,0
idc,3,0
ia;,3,0
ia.,3,0
ia),3,0
i-g,3,0
i)#,3,0
hts,3,0
htm,3,0
ht/,3,0
gie,3,0
gib,3,0
gia,3,0
gea,3,0
g-#,3,0
fut,3,0
eye,3,0
em:,3,0
elu,3,0
ege,3,0
eaf,3,0
e-B,3,0
dyw,3,0
dti,3,0
dcy,3,0
d.h,3,0
d.#,3,0
d-l,3,0
d-f,3,0
d-c,3,0
cy:,3,0
cru,3,0
cae,3,0
c-p,3,0
bsi,3,0
bmi,3,0
ay-,3,0
anA,3,0
aid,3,0
aPT,3,0
_od,3,0
](i,3,0
[]#,3,0
[Th,3,0
[Ca,3,0
You,3,0
YP-,3,0
Y:#,3,0
XII,3,0
Wom,3,0
VES,3,0
V-N,3,0
Unc,3,0
UTI,3,0
USE,3,0
UGS,3,0
U93,3,0
U/k,3,0
Tap,3,0
TR#,3,0
TIX,3,0
T/Q,3,0
Sti,3,0
SH/,3,0
SH#,3,0
Ref,3,0
Rad,3,0
Rac,3,0
RY#,3,0
RIA,3,0
RED,3,0
R=#,3,0
R-v,3,0
QT/,3,0
QID,3,0
Ps#,3,0
Por,3,0
PT),3,0
P2B,3,0
P1#,3,0
Org,3,0
ORY,3,0
OND,3,0
OMB,3,0
OLI,3,0
Nur,3,0
Nuc,3,0
Nei,3,0
NMD,3,0
NED,3,0
N3#,3,0
N1#,3,0
Ms#,3,0
Mod,3,0
ME/,3,0
MBI,3,0
MAI,3,0
Low,3,0
Lik,3,0
LS#,3,0
LIV,3,0
LE#,3,0
LAB,3,0
L;#,3,0
L/m,3,0
L/6,3,0
Kd#,3,0
IV),3,0
IU/,3,0
IM;,3,0
IAT,3,0
HL#,3,0
HES,3,0
Ger,3,0
Fun,3,0
Fat,3,0
Fai,3,0
FEC,3,0
Esc,3,0
Eq/,3,0
Enh,3,0
ETE,3,0
EGs,3,0
E/I,3,0
Det,3,0
Dea,3,0
DH#,3,0
DET,3,0
DES,3,0
DA#,3,0
D6),3,0
Css,3,0
Chr,3,0
Che,3,0
CFU,3,0
CAU,3,0
C57,3,0
C(s,3,0
Bra,3,0
Bma,3,0
Bef,3,0
BOR,3,0
BL/,3,0
BI),3,0
Ass,3,0
AUT,3,0
ATP,3,0
ATO,3,0
ARS,3,0
APY,3,0
AC),3,0
ABS,3,0
ABO,3,0
A:#,3,0
A1#,3,0
=6),3,0
=24,3,0
=10,3,0
;;d,3,0
998,3,0
99#,3,0
97#,3,0
94#,3,0
937,3,0
92#,3,0
9.3,3,0
9.1,3,0
87#,3,0
85%,3,0
84%,3,0
82#,3,0
81#,3,0
8-w,3,0
7BL,3,0
73#,3,0
72%,3,0
71#,3,0
7.8,3,0
7.7,3,0
7.2,3,0
7.0,3,0
7-h,3,0
6N#,3,0
68#,3,0
63#,3,0
62%,3,0
6,2,3,0
6%),3,0
57B,3,0
57%,3,0
55%,3,0
53%,3,0
52),3,0
5.7,3,0
5.5,3,0
5.4,3,0
5.1,3,0
5-5,3,0
5-2,3,0
4h#,3,0
45-,3,0
44%,3,0
43#,3,0
42%,3,0
42#,3,0
41%,3,0
4-d,3,0
4-#,3,0
3A:,3,0
375,3,0
350,3,0
30-,3,0
30),3,0
3.7,3,0
3.3,3,0
2]#,3,0
28.,3,0
260,3,0
22#,3,0
2/3,3,0
2.7,3,0
2.6,3,0
2-7,3,0
2-6,3,0
2%),3,0
1:#,3,0
17.,3,0
160,3,0
15-,3,0
15),3,0
130,3,0
109,3,0
1-y,3,0
1-d,3,0
1-8,3,0
1-2,3,0
06#,3,0
04#,3,0
03#,3,0
02),3,0
00m,3,0
0-f,3,0
0-5,3,0
0-#,3,0
/zi,3,0
/rh,3,0
/re,3,0
/dr,3,0
/Rh,3,0
/QT,3,0
/6N,3,0
/35,3,0
/15,3,0
/-c,3,0
/)#,3,0
.ht,3,0
.e#,3,0
.93,3,0
.6%,3,0
.14,3,0
.1%,3,0
.09,3,0
.04,3,0
.0%,3,0
-un,3,0
-ri,3,0
-pi,3,0
-my,3,0
-hu,3,0
-ga,3,0
-fu,3,0
-fr,3,0
-fa,3,0
-cu,3,0
-bu,3,0
-Ta,3,0
-Si,3,0
-NH,3,0
-C#,3,0
-7),3,0
-6),3,0
-2C,3,0
-28,3,0
-18,3,0
-15,3,0
-11,3,0
+15,3,0
+)],3,0
)](,3,0
(ss,3,0
(re,3,0
(ph,3,0
(li,3,0
(bo,3,0
(as,3,0
(R=,3,0
(PB,3,0
(Or,3,0
(Ef,3,0
(EC,3,0
(Be,3,0
(98,3,0
(8-,3,0
(45,3,0
(3%,3,0
(29,3,0
(25,3,0
(18,3,0
(17,3,0
(13,3,0
(11,3,0
(0%,3,0
(-8,3,0
(+/,3,0
%;#,3,0
%-1,3,0
#yi,3,0
#uM,3,0
#t.,3,0
#sq,3,0
#s),3,0
#q2,3,0
#q1,3,0
#p4,3,0
#ia,3,0
#ey,3,0
#ej,3,0
#c#,3,0
#aq,3,0
#aP,3,0
#[T,3,0
#[S,3,0
#[A,3,0
#Up,3,0
#RI,3,0
#QI,3,0
#Q-,3,0
#PS,3,0
#PK,3,0
#P1,3,0
#OT,3,0
#ON,3,0
#NM,3,0
#N3,3,0
#N1,3,0
#LS,3,0
#Kd,3,0
#IT,3,0
#AI,3,0
#A-,3,0
#>#,3,0
#9%,3,0
#87,3,0
#8%,3,0
#58,3,0
#55,3,0
#41,3,0
#3,,3,0
#2/,3,0
#1),3,0
#//,3,0
#/-,3,0
#-f,3,0
#-d,3,0
#-C,3,0
#--,3,0
#+3,3,0
#(g,3,0
#(>,3,0
##,,3,0
#"e,3,0
azi,2,318
naz,2,288
fen,2,260
nav,2,236
ofe,2,187
raz,2,168
yll,2,167
hiu,2,156
mpi,2,122
lol,2,116
Phe,2,66
#Ke,2,64
zal,2,61
#AC,2,58
oum,2,57
#az,2,56
ofl,2,55
gab,2,53
#Ci,2,50
IVA,2,48
VA#,2,45
tir,2,43
efa,2,43
fed,2,37
Is#,2,36
oxo,2,33
ylc,2,31
#Vi,2,30
##Z,2,29
lch,2,26
#B#,2,26
ovu,2,24
PCP,2,24
yph,2,23
dih,2,23
VID,2,23
CP#,2,22
#PC,2,22
#Ar,2,22
ifu,2,21
uva,2,20
REV,2,20
xyc,2,19
esy,2,19
ocl,2,18
hox,2,18
vec,2,17
agr,2,17
OVA,2,17
18-,2,17
sil,2,16
faz,2,16
box,2,16
EQU,2,16
Diu,2,16
-ag,2,16
#py,2,16
vor,2,15
PRI,2,15
-)-,2,15
#(-,2,15
QUE,2,14
eev,2,13
ec#,2,13
oop,2,12
ldi,2,12
esa,2,12
pom,2,11
eof,2,11
PRA,2,11
(MA,2,11
#Ve,2,11
ozo,2,10
ha-,2,10
U##,2,10
SIN,2,10
ENC,2,10
DE#,2,10
ANC,2,10
pia,2,9
d-a,2,9
PA#,2,9
#EX,2,9
exf,2,8
RAL,2,8
NTA,2,8
#EL,2,8
tob,2,7
iap,2,7
arv,2,7
SUB,2,7
Erg,2,7
8-2,2,7
.E.,2,7
-er,2,7
+)-,2,7
)-e,2,7
sP(,2,6
obr,2,6
nsP,2,6
mbu,2,6
inp,2,6
gam,2,6
amb,2,6
P(3,2,6
HEN,2,6
Ade,2,6
#ka,2,6
#Bu,2,6
yan,2,5
smu,2,5
igm,2,5
Thy,2,5
TP#,2,5
IC#,2,5
GAB,2,5
EG#,2,5
-16,2,5
#GA,2,5
i-a,2,4
cya,2,4
UM#,2,4
THA,2,4
BAR,2,4
APT,2,4
ANO,2,4
3-h,2,4
,##,2,4
#BU,2,4
#AB,2,4
oil,2,3
n-#,2,3
lad,2,3
jac,2,3
hoa,2,3
gid,2,3
fad,2,3
ef#,2,3
ad-,2,3
Vas,2,3
TAN,2,3
Nar,2,3
Fem,2,3
FER,2,3
DIF,2,3
Bre,2,3
-cy,2,3
-O-,2,3
#zo,2,3
#Sk,2,3
#E#,2,3
yps,2,2
ymo,2,2
ti#,2,2
o-s,2,2
lyl,2,2
l-m,2,2
is-,2,2
iem,2,2
hra,2,2
at-,2,2
a-2,2,2
a-1,2,2
Tho,2,2
Spo,2,2
N-a,2,2
ISE,2,2
IOP,2,2
Hor,2,2
EC#,2,2
Cen,2,2
Alo,2,2
ABA,2,2
1,4,2,2
-be,2,2
(CN,2,2
#IO,2,2
#EM,2,2
#ED,2,2
#Au,2,2
zad,2,1
yfl,2,1
xyf,2,1
syr,2,1
s.#,2,1
s-p,2,1
rau,2,1
no-,2,1
n-e,2,1
m-b,2,1
lto,2,1
lky,2,1
kyl,2,1
kit,2,1
juv,2,1
idy,2,1
iad,2,1
gg#,2,1
eoc,2,1
a-l,2,1
a-i,2,1
Via,2,1
Top,2,1
TRE,2,1
R(+,2,1
MS#,2,1
MIT,2,1
Lip,2,1
Inv,2,1
IT#,2,1
Exe,2,1
ERV,2,1
ERS,2,1
DS#,2,1
Ald,2,1
6-m,2,1
5-t,2,1
2-m,2,1
-na,2,1
-ep,2,1
-Ac,2,1
-3-,2,1
#Xa,2,1
#V#,2,1
#Tu,2,1
#R(,2,1
#Oc,2,1
#MS,2,1
zes,2,0
ysm,2,0
ys],2,0
ypu,2,0
ypa,2,0
yog,2,0
ymi,2,0
ymb,2,0
ybe,2,0
yar,2,0
y5#,2,0
y-r,2,0
y-f,2,0
y--,2,0
y-#,2,0
y"#,2,0
xty,2,0
xok,2,0
xoi,2,0
xfo,2,0
wle,2,0
w-r,2,0
vy#,2,0
voc,2,0
vey,2,0
uts,2,0
urc,2,0
ur-,2,0
upw,2,0
upd,2,0
upa,2,0
un#,2,0
um:,2,0
ugu,2,0
ufa,2,0
uer,2,0
ubp,2,0
ubn,2,0
ubf,2,0
ub-,2,0
uai,2,0
uM#,2,0
ty:,2,0
ty/,2,0
ty),2,0
tue,2,0
tto,2,0
tta,2,0
ts',2,0
tpa,2,0
toz,2,0
tmC,2,0
th-,2,0
th),2,0
teu,2,0
teb,2,0
tdo,2,0
t-o,2,0
t-i,2,0
t-g,2,0
t-c,2,0
t-P,2,0
t-4,2,0
t's,2,0
t"#,2,0
swe,2,0
std,2,0
ssn,2,0
ss:,2,0
sm(,2,0
sla,2,0
seg,2,0
se:,2,0
sa),2,0
s/e,2,0
s-t,2,0
s-i,2,0
s-d,2,0
s--,2,0
ry.,2,0
rvu,2,0
roo,2,0
rok,2,0
rik,2,0
ri#,2,0
rew,2,0
rer,2,0
rbs,2,0
rb#,2,0
rae,2,0
r;#,2,0
r.#,2,0
r-m,2,0
r);,2,0
q8h,2,0
py;,2,0
py.,2,0
pwa,2,0
ptu,2,0
pts,2,0
pth,2,0
pp),2,0
pfu,2,0
pee,2,0
pda,2,0
pau,2,0
p-s,2,0
osk,2,0
oox,2,0
oos,2,0
oon,2,0
onr,2,0
onp,2,0
on/,2,0
om-,2,0
ol),2,0
ohe,2,0
of:,2,0
of-,2,0
oeg,2,0
oed,2,0
oec,2,0
odg,2,0
od:,2,0
od),2,0
oap,2,0
oaf,2,0
oa#,2,0
o;#,2,0
o-w,2,0
o-i,2,0
o-R,2,0
nze,2,0
nva,2,0
nuf,2,0
ntm,2,0
nt;,2,0
nt),2,0
nt',2,0
nt",2,0
noh,2,0
nik,2,0
nii,2,0
ngo,2,0
ne:,2,0
ndt,2,0
nd),2,0
nbe,2,0
n],2,0
nA#,2,0
n=7,2,0
n/r,2,0
n/C,2,0
n.#,2,0
n-h,2,0
n-g,2,0
n-H,2,0
n-C,2,0
n-A,2,0
n-3,2,0
n)-,2,0
ms:,2,0
mno,2,0
mmi,2,0
mg;,2,0
me;,2,0
mba,2,0
mb#,2,0
ma-,2,0
mU/,2,0
mRN,2,0
mL;,2,0
mCI,2,0
m;#,2,0
m/d,2,0
m-i,2,0
m(s,2,0
lyr,2,0
ly",2,0
lwa,2,0
ls.,2,0
lpi,2,0
lpf,2,0
lo-,2,0
lne,2,0
lme,2,0
llt,2,0
lln,2,0
leb,2,0
le;,2,0
le:,2,0
le),2,0
lds,2,0
ldr,2,0
ld-,2,0
lah,2,0
lae,2,0
l-k,2,0
l):,2,0
kle,2,0
kgr,2,0
ke),2,0
kat,2,0
kDa,2,0
ix-,2,0
iwe,2,0
it-,2,0
it),2,0
is:,2,0
iki,2,0
ik#,2,0
ic;,2,0
ic:,2,0
ic/,2,0
i-f,2,0
i-e,2,0
i)),2,0
hti,2,0
hte,2,0
hok,2,0
hob,2,0
hm#,2,0
hif,2,0
hai,2,0
h;#,2,0
h/m,2,0
h.s,2,0
gy:,2,0
gur,2,0
gun,2,0
goo,2,0
gm#,2,0
gki,2,0
gho,2,0
ge),2,0
g/w,2,0
g/3,2,0
g-s,2,0
fob,2,0
fo#,2,0
ffu,2,0
ffs,2,0
ffo,2,0
f=#,2,0
f:#,2,0
ewl,2,0
et-,2,0
es",2,0
er;,2,0
eoi,2,0
en/,2,0
em),2,0
egm,2,0
ef=,2,0
eel,2,0
ee),2,0
edy,2,0
edg,2,0
edd,2,0
e:*,2,0
e/i,2,0
e-S,2,0
dym,2,0
ds;,2,0
di#,2,0
dhe,2,0
dgk,2,0
dae,2,0
dP#,2,0
dL#,2,0
d-u,2,0
d-t,2,0
d-e,2,0
ct;,2,0
ct),2,0
cs:,2,0
cs),2,0
cof,2,0
ckn,2,0
ckg,2,0
cig,2,0
ce:,2,0
ce),2,0
ca#,2,0
c;#,2,0
c:#,2,0
c1#,2,0
c-r,2,0
c-d,2,0
bun,2,0
bpo,2,0
boh,2,0
biw,2,0
bfr,2,0
bco,2,0
ay;,2,0
ay5,2,0
awl,2,0
aw#,2,0
avy,2,0
as),2,0
an-,2,0
an),2,0
alw,2,0
al/,2,0
aks,2,0
aim,2,0
aht,2,0
aet,2,0
adh,2,0
a.),2,0
a-u,2,0
a-t,2,0
a-p,2,0
[]),2,0
[S-,2,0
[BS,2,0
[AU,2,0
[(1,2,0
YPs,2,0
Y)#,2,0
Xa#,2,0
X;#,2,0
Wea,2,0
Wai,2,0
WOR,2,0
WHE,2,0
Van,2,0
V-1,2,0
Upo,2,0
Unl,2,0
Und,2,0
Uga,2,0
URE,2,0
UN#,2,0
UG/,2,0
UG#,2,0
UEN,2,0
U/m,2,0
Tum,2,0
TdP,2,0
Tal,2,0
TTI,2,0
TSH,2,0
TRU,2,0
TIA,2,0
TBA,2,0
TAP,2,0
TAI,2,0
T24,2,0
T):,2,0
Sus,2,0
Spr,2,0
Sch,2,0
SUR,2,0
SSI,2,0
SP),2,0
SIS,2,0
SIG,2,0
SID,2,0
SHB,2,0
SH),2,0
SET,2,0
SER,2,0
SA],2,0
S.E,2,0
S-t,2,0
S-r,2,0
S-i,2,0
S-T,2,0
Rou,2,0
Roe,2,0
Rhe,2,0
Ret,2,0
Req,2,0
RUN,2,0
RUM,2,0
RPM,2,0
RE),2,0
RDS,2,0
QRS,2,0
Q12,2,0
Q-T,2,0
Pow,2,0
Pne,2,0
PY#,2,0
PQQ,2,0
POT,2,0
PMs,2,0
PMI,2,0
PLC,2,0
P4A,2,0
P-t,2,0
P-m,2,0
P(a,2,0
Opt,2,0
Oph,2,0
Ont,2,0
Ons,2,0
Onl,2,0
One,2,0
Oct,2,0
Obs,2,0
OUR,2,0
OT),2,0
ORD,2,0
ONJ,2,0
OMI,2,0
OH#,2,0
O-g,2,0
O-4,2,0
New,2,0
Nee,2,0
NOV,2,0
NOT,2,0
NJU,2,0
NG:,2,0
NCT,2,0
NCR,2,0
NCO,2,0
NCA,2,0
NC#,2,0
NAD,2,0
N-t,2,0
Muc,2,0
Mil,2,0
MP-,2,0
MI1,2,0
MED,2,0
MEC,2,0
MEA,2,0
Liv,2,0
Lat,2,0
Lac,2,0
LY#,2,0
LT),2,0
LNG,2,0
LEA,2,0
LCV,2,0
L2#,2,0
L/k,2,0
Kit,2,0
Key,2,0
K-d,2,0
Jan,2,0
JUN,2,0
Ini,2,0
ITI,2,0
ITA,2,0
ISA,2,0
IS#,2,0
IP),2,0
IIa,2,0
IIE,2,0
IGN,2,0
IE1,2,0
ICs,2,0
IC),2,0
I16,2,0
I-l,2,0
I-V,2,0
Hod,2,0
Hav,2,0
Hae,2,0
HT#,2,0
HPL,2,0
HIT,2,0
HC1,2,0
HBG,2,0
HAT,2,0
HAS,2,0
H-t,2,0
Gs#,2,0
Gib,2,0
Gar,2,0
GY),2,0
GT),2,0
GN:,2,0
GIV,2,0
GDH,2,0
G;#,2,0
G:#,2,0
G/L,2,0
Fru,2,0
Fro,2,0
Fou,2,0
Fiv,2,0
Few,2,0
FUs,2,0
FSH,2,0
FR),2,0
FIN,2,0
Evi,2,0
Eur,2,0
ETT,2,0
ES:,2,0
ES-,2,0
ERU,2,0
ERP,2,0
ELI,2,0
EIA,2,0
EFF,2,0
EDL,2,0
EDI,2,0
EC5,2,0
EAT,2,0
E.M,2,0
E-s,2,0
Da#,2,0
DSS,2,0
DS),2,0
DRL,2,0
DNA,2,0
DMF,2,0
DLI,2,0
DL2,2,0
DER,2,0
DED,2,0
DA-,2,0
D50,2,0
D1#,2,0
D+-,2,0
Cry,2,0
Cre,2,0
CTS,2,0
CRE,2,0
CBG,2,0
C23,2,0
C12,2,0
C-c,2,0
C-1,2,0
Blu,2,0
Ble,2,0
Beh,2,0
BUN,2,0
BST,2,0
BI#,2,0
BG;,2,0
BG#,2,0
BA-,2,0
B)#,2,0
Aug,2,0
Asy,2,0
Any,2,0
Alk,2,0
ASU,2,0
APE,2,0
AIM,2,0
ADV,2,0
ADP,2,0
AD+,2,0
A4;,2,0
A4-,2,0
A2:,2,0
A2-,2,0
A2),2,0
A-s,2,0
A-e,2,0
=9),2,0
=7),2,0
=13,2,0
=0.,2,0
;un,2,0
;di,2,0
:1#,2,0
:*;,2,0
999,2,0
97%,2,0
96),2,0
94%,2,0
9/L,2,0
9.2,2,0
8h),2,0
866,2,0
83%,2,0
76#,2,0
75-,2,0
74%,2,0
72-,2,0
7.4,2,0
7)),2,0
69%,2,0
67%,2,0
66-,2,0
66#,2,0
640,2,0
62#,2,0
60-,2,0
6.9,2,0
5th,2,0
5mg,2,0
5]#,2,0
5I-,2,0
540,2,0
54%,2,0
533,2,0
52],2,0
51#,2,0
5-h,2,0
5-7,2,0
5-6,2,0
5-1,2,0
5-0,2,0
5-#,2,0
5);,2,0
4th,2,0
4hr,2,0
4C-,2,0
4;#,2,0
49.,2,0
49-,2,0
45),2,0
446,2,0
44#,2,0
4.8,2,0
4.2,2,0
4-O,2,0
4-6,2,0
4-1,2,0
4)C,2,0
4%-,2,0
3A5,2,0
367,2,0
340,2,0
34#,2,0
33/,2,0
33-,2,0
32#,2,0
302,2,0
30.,2,0
3/1,2,0
3.8,2,0
3.4,2,0
3.0,2,0
3,7,2,0
3%-,2,0
2h#,2,0
2O#,2,0
29-,2,0
29),2,0
280,2,0
27#,2,0
263,2,0
25I,2,0
230,2,0
21.,2,0
21-,2,0
2.9,2,0
2-h,2,0
2-3,2,0
2-1,2,0
1A1,2,0
1:1,2,0
171,2,0
170,2,0
17),2,0
16.,2,0
16),2,0
15.,2,0
14C,2,0
145,2,0
141,2,0
140,2,0
135,2,0
133,2,0
13-,2,0
129,2,0
110,2,0
106,2,0
1.8,2,0
1-a,2,0
1-1,2,0
1-0,2,0
1,0,2,0
0th,2,0
0mg,2,0
0m#,2,0
09/,2,0
07%,2,0
05-,2,0
025,2,0
02#,2,0
002,2,0
0-l,2,0
0-9,2,0
0-6,2,0
0-4,2,0
0+/,2,0
/we,2,0
/su,2,0
/pl,2,0
/m),2,0
/m#,2,0
/la,2,0
/fl,2,0
/ef,2,0
/dl,2,0
/di,2,0
/dL,2,0
/LA,2,0
/C2,2,0
/80,2,0
/4#,2,0
/13,2,0
/10,2,0
/-4,2,0
.s#,2,0
.p.,2,0
.p#,2,0
.c#,2,0
.M#,2,0
.94,2,0
.9-,2,0
.9#,2,0
.8),2,0
.75,2,0
.5),2,0
.37,2,0
.35,2,0
.2-,2,0
.2),2,0
.15,2,0
.12,2,0
.11,2,0
.1),2,0
.07,2,0
.)-,2,0
.(A,2,0
-si,2,0
-of,2,0
-mi,2,0
-kn,2,0
-is,2,0
-io,2,0
-go,2,0
-et,2,0
-ea,2,0
-dy,2,0
-cr,2,0
-cl,2,0
-VI,2,0
-TA,2,0
-T#,2,0
-S-,2,0
-Ra,2,0
-PA,2,0
-OH,2,0
-Ho,2,0
-Do,2,0
-A#,2,0
-86,2,0
-63,2,0
-6%,2,0
-57,2,0
-50,2,0
-5),2,0
-41,2,0
-40,2,0
-34,2,0
-19,2,0
-1.,2,0
-1-,2,0
--t,2,0
--o,2,0
--c,2,0
--a,2,0
,or,2,0
,7-,2,0
,)#,2,0
+43,2,0
+13,2,0
+10,2,0
+-d,2,0
*No,2,0
*1/,2,0
)C],2,0
)-r,2,0
)-b,2,0
)%#,2,0
(wa,2,0
(tr,2,0
(ti,2,0
(pa,2,0
(pD,2,0
(op,2,0
(mo,2,0
(mg,2,0
(lo,2,0
(la,2,0
(ie,2,0
(hy,2,0
(hu,2,0
(gi,2,0
(cl,2,0
(ch,2,0
(bu,2,0
(be,2,0
(ar,2,0
([C,2,0
(SS,2,0
(Re,2,0
(QT,2,0
(Pg,2,0
(PT,2,0
(PI,2,0
(P-,2,0
(N-,2,0
(N#,2,0
(Me,2,0
(Ma,2,0
(Ki,2,0
(In,2,0
(HI,2,0
(FI,2,0
(Ca,2,0
(CO,2,0
(CB,2,0
(Al,2,0
(AS,2,0
(AN,2,0
(AL,2,0
(AB,2,0
(>#,2,0
(99,2,0
(94,2,0
(81,2,0
(8.,2,0
(72,2,0
(7-,2,0
(6.,2,0
(58,2,0
(52,2,0
(51,2,0
(48,2,0
(4-,2,0
(3#,2,0
(28,2,0
(24,2,0
(2.,2,0
(1/,2,0
(1-,2,0
(1%,2,0
(/),2,0
(-6,2,0
(-5,2,0
#q8,2,0
#ow,2,0
#n#,2,0
#mU,2,0
#mR,2,0
#m/,2,0
#kD,2,0
#ii,2,0
#i#,2,0
#h.,2,0
#gm,2,0
#ew,2,0
#e#,2,0
#b#,2,0
#ak,2,0
#]),2,0
#[Q,2,0
#[M,2,0
#[D,2,0
#[B,2,0
#[(,2,0
#X;,2,0
#WO,2,0
#WH,2,0
#U9,2,0
#Td,2,0
#TS,2,0
#T2,2,0
#Sm,2,0
#RP,2,0
#RN,2,0
#QR,2,0
#Q1,2,0
#Pn,2,0
#PQ,2,0
#PM,2,0
#PD,2,0
#PB,2,0
#P(,2,0
#Ob,2,0
#L/,2,0
#K-,2,0
#Ju,2,0
#IU,2,0
#IP,2,0
#HP,2,0
#HO,2,0
#Eu,2,0
#Ei,2,0
#EI,2,0
#EF,2,0
#E-,2,0
#DN,2,0
#D1,2,0
#Cs,2,0
#CF,2,0
#C5,2,0
#Bm,2,0
#BL,2,0
#B),2,0
#;*,2,0
#97,2,0
#94,2,0
#83,2,0
#81,2,0
#78,2,0
#77,2,0
#74,2,0
#68,2,0
#64,2,0
#5t,2,0
#57,2,0
#4t,2,0
#47,2,0
#2B,2,0
#2),2,0
#1:,2,0
#/s,2,0
#/f,2,0
#.I,2,0
#.1,2,0
#.),2,0
#.#,2,0
#-h,2,0
#-3,2,0
#-2,2,0
#-1,2,0
#+7,2,0
#([,2,0
#(V,2,0
#(U,2,0
#(Q,2,0
#(/,2,0
#%),2,0
#"l,2,0
#"h,2,0
"li,2,0
"hi,2,0
"ea,2,0
oxe,1,159
lox,1,159
lpr,1,110
cim,1,94
#NS,1,87
afi,1,86
taz,1,78
MAO,1,78
AID,1,77
daz,1,75
luv,1,73
xib,1,71
cox,1,71
bup,1,69
vox,1,63
uox,1,57
yli,1,56
uvo,1,56
#ib,1,47
#za,1,46
lba,1,45
mep,1,44
sty,1,43
Apr,1,43
lov,1,42
olb,1,40
nib,1,40
fab,1,40
bur,1,40
Cim,1,40
aba,1,39
Cl#,1,39
pa#,1,38
IL#,1,38
HCl,1,38
SSR,1,37
SRI,1,37
xen,1,34
EVI,1,34
Tri,1,33
bos,1,32
War,1,31
z##,1,30
fav,1,30
#Et,1,29
RIN,1,28
lod,1,27
fos,1,26
Fel,1,26
xyt,1,25
Itr,1,25
Cyc,1,25
AED,1,25
#Ni,1,25
#AE,1,25
nil,1,24
YS#,1,23
TRI,1,22
IVI,1,22
ox#,1,21
RIs,1,21
#H2,1,21
tod,1,20
bip,1,20
Val,1,20
#AM,1,20
roe,1,19
mip,1,18
(-),1,18
vac,1,17
orf,1,17
rfl,1,16
m-s,1,16
ivu,1,16
acl,1,16
ROV,1,16
TM#,1,15
Hyd,1,15
Ery,1,15
XTR,1,14
EXT,1,14
BLO,1,14
#CE,1,14
lix,1,13
him,1,13
amt,1,13
IBL,1,13
Gle,1,13
Dex,1,13
ABI,1,13
nhy,1,12
STA,1,12
-am,1,12
xif,1,11
seo,1,11
moz,1,11
O)#,1,11
ETA,1,11
CMC,1,11
CAN,1,11
AO),1,11
mp#,1,10
Col,1,10
2-a,1,10
uty,1,9
afr,1,9
Rit,1,9
ORE,1,9
yle,1,8
ux#,1,8
uki,1,8
pum,1,8
TNF,1,8
Gly,1,8
CEF,1,8
1C#,1,8
#TN,1,8
#1C,1,8
xyi,1,7
xol,1,7
rle,1,7
gyl,1,7
eox,1,7
deo,1,7
bis,1,7
Z##,1,7
UTR,1,7
ULA,1,7
OIs,1,7
HT1,1,7
Eto,1,7
APR,1,7
-26,1,7
#EP,1,7
#CM,1,7
ycy,1,6
uet,1,6
XER,1,6
TIC,1,6
PHE,1,6
LEE,1,6
Dip,1,6
Adr,1,6
#NU,1,6
#MI,1,6
tov,1,5
thc,1,5
rpe,1,5
raf,1,5
lu#,1,5
imy,1,5
gol,1,5
gmi,1,5
anh,1,5
Sur,1,5
Sel,1,5
Ran,1,5
NF#,1,5
Lot,1,5
Iod,1,5
IRE,1,5
IR#,1,5
IMI,1,5
Hal,1,5
Ful,1,5
ERI,1,5
Cys,1,5
Cou,1,5
648,1,5
-al,1,5
#Pu,1,5
#Io,1,5
zen,1,4
yda,1,4
xur,1,4
ve-,1,4
uph,1,4
tsi,1,4
s-c,1,4
n-2,1,4
m-c,1,4
irb,1,4
fts,1,4
enk,1,4
ebi,1,4
boe,1,4
aty,1,4
Sum,1,4
SAB,1,4
REC,1,4
RB#,1,4
PTI,1,4
OXI,1,4
OTE,1,4
ONA,1,4
N-d,1,4
ILI,1,4
Gan,1,4
ESE,1,4
ERB,1,4
CED,1,4
Bar,1,4
BUS,1,4
BIL,1,4
Ane,1,4
AVO,1,4
ACR,1,4
99m,1,4
-My,1,4
-IV,1,4
(AC,1,4
#S-,1,4
#Ir,1,4
#HE,1,4
xch,1,3
ulp,1,3
st/,1,3
n-p,1,3
l-b,1,3
iox,1,3
i-d,1,3
fa#,1,3
el-,1,3
cav,1,3
a-c,1,3
VIS,1,3
Tc-,1,3
TC#,1,3
Ske,1,3
RIS,1,3
Pan,1,3
Ort,1,3
Mid,1,3
MC-,1,3
MAR,1,3
Leu,1,3
Kin,1,3
Iro,1,3
INA,1,3
IFF,1,3
His,1,3
Gre,1,3
Epr,1,3
ENE,1,3
EFO,1,3
Dop,1,3
DIS,1,3
Cel,1,3
C-C,1,3
And,1,3
ALE,1,3
6-d,1,3
4-m,1,3
2-r,1,3
-ox,1,3
-Cy,1,3
zot,1,2
ylz,1,2
yln,1,2
ylg,1,2
yen,1,2
rg#,1,2
oex,1,2
mni,1,2
lza,1,2
lye,1,2
lgl,1,2
l-1,1,2
fa-,1,2
elt,1,2
egy,1,2
a-B,1,2
Vac,1,2
VAL,1,2
TEN,1,2
TEC,1,2
TAT,1,2
TAC,1,2
T1B,1,2
ROS,1,2
OST,1,2
ORM,1,2
ON-,1,2
OAG,1,2
N-m,1,2
ME#,1,2
MDP,1,2
L-t,1,2
GUL,1,2
Fin,1,2
FU#,1,2
EXE,1,2
END,1,2
Del,1,2
DP#,1,2
COA,1,2
But,1,2
Buf,1,2
Bac,1,2
B/1,1,2
ARD,1,2
AGU,1,2
ACA,1,2
1D#,1,2
1B/,1,2
/1D,1,2
-In,1,2
-Bl,1,2
-)#,1,2
#Ka,1,2
#D-,1,2
zoi,1,1
uel,1,1
t-A,1,1
rys,1,1
rah,1,1
ph#,1,1
onn,1,1
onb,1,1
olf,1,1
nfr,1,1
mib,1,1
m/c,1,1
lst,1,1
l-4,1,1
kap,1,1
idr,1,1
i-#,1,1
fis,1,1
dum,1,1
dso,1,1
c-m,1,1
aun,1,1
ahy,1,1
ab-,1,1
a-d,1,1
Ves,1,1
Ven,1,1
Ult,1,1
UR#,1,1
Tin,1,1
Ten,1,1
Tel,1,1
Tac,1,1
TOX,1,1
TE#,1,1
Slo,1,1
Sec,1,1
San,1,1
STE,1,1
ROP,1,1
RIT,1,1
Pul,1,1
Psy,1,1
Pal,1,1
POP,1,1
Oil,1,1
Ner,1,1
NER,1,1
NAL,1,1
Mus,1,1
Men,1,1
IDS,1,1
HOS,1,1
HA#,1,1
H-2,1,1
GEN,1,1
Ede,1,1
ES#,1,1
EPH,1,1
EM#,1,1
EAC,1,1
Div,1,1
Dim,1,1
CBZ,1,1
BZ#,1,1
Art,1,1
Are,1,1
ATA,1,1
ALG,1,1
A.#,1,1
4,5,1,1
390,1,1
3-m,1,1
131,1,1
.A.,1,1
-ta,1,1
-op,1,1
-he,1,1
-at,1,1
-35,1,1
-23,1,1
,5-,1,1
,4-,1,1
,4,,1,1
(S),1,1
(R),1,1
#p-,1,1
#ip,1,1
#Zo,1,1
#Ul,1,1
#Sl,1,1
#SC,1,1
#Oi,1,1
#FB,1,1
#Ed,1,1
~47,1,0
~40,1,0
zyg,1,0
zo#,1,0
zel,1,0
zab,1,0
z_o,1,0
z)#,1,0
yza,1,0
yus,1,0
ysu,1,0
ysl,1,0
ysk,1,0
ysc,1,0
ys:,1,0
ys7,1,0
yry,1,0
yrr,1,0
yo/,1,0
yo#,1,0
yng,1,0
yly,1,0
ylm,1,0
yl),1,0
ykn,1,0
ygo,1,0
yfu,1,0
ydi,1,0
ybr,1,0
yam,1,0
yal,1,0
y]#,1,0
yTe,1,0
y9#,1,0
y/d,1,0
y-p,1,0
y-m,1,0
y-g,1,0
y-b,1,0
xth,1,0
xom,1,0
xli,1,0
xir,1,0
xi-,1,0
xe-,1,0
xal,1,0
xSS,1,0
x-r,1,0
x-h,1,0
x-d,1,0
www,1,0
ww.,1,0
wt#,1,0
wsy,1,0
wns,1,0
wn-,1,0
wl#,1,0
wet,1,0
wbo,1,0
wax,1,0
wai,1,0
w:#,1,0
w.r,1,0
w-m,1,0
w-l,1,0
w-D,1,0
w)#,1,0
vo;,1,0
vo),1,0
viu,1,0
vii,1,0
vig,1,0
vi#,1,0
vei,1,0
vef,1,0
vab,1,0
va_,1,0
v/v,1,0
uve,1,0
utt,1,0
utb,1,0
ut.,1,0
ut),1,0
us;,1,0
us:,1,0
us",1,0
url,1,0
ur.,1,0
ur),1,0
upu,1,0
up-,1,0
uol,1,0
unw,1,0
unn,1,0
uly,1,0
ulb,1,0
uke,1,0
ue.,1,0
ue-,1,0
uda,1,0
ubg,1,0
uac,1,0
uR),1,0
uM;,1,0
uM),1,0
u-l,1,0
tys,1,0
txt,1,0
twa,1,0
tup,1,0
ttp,1,0
tth,1,0
ttg,1,0
ts],1,0
ts-,1,0
tp:,1,0
toa,1,0
to1,1,0
tna,1,0
tm#,1,0
tla,1,0
thh,1,0
th],1,0
th;,1,0
tgm,1,0
tge,1,0
tfu,1,0
tev,1,0
te.,1,0
tc),1,0
tbr,1,0
tbe,1,0
t/c,1,0
t.c,1,0
t.),1,0
t-n,1,0
t-d,1,0
t-M,1,0
t-I,1,0
t-#,1,0
sze,1,0
sy;,1,0
sy-,1,0
sun,1,0
stn,1,0
stg,1,0
st;,1,0
st.,1,0
ss;,1,0
ss,,1,0
ss(,1,0
soy,1,0
soo,1,0
snt,1,0
sm;,1,0
sm:,1,0
slu,1,0
skf,1,0
sk:,1,0
sk-,1,0
si#,1,0
shu,1,0
seb,1,0
se3,1,0
se/,1,0
se.,1,0
sc#,1,0
saw,1,0
sas,1,0
sae,1,0
s]],1,0
s]#,1,0
s:U,1,0
s:D,1,0
s7.,1,0
s/s,1,0
s/p,1,0
s/k,1,0
s/i,1,0
s/h,1,0
s/G,1,0
s/1,1,0
s/#,1,0
s.1,1,0
s.),1,0
s-s,1,0
s-o,1,0
s-m,1,0
s-l,1,0
s-J,1,0
s-D,1,0
s-3,1,0
s,m,1,0
s)),1,0
s(0,1,0
ryT,1,0
ry;,1,0
ry:,1,0
rxl,1,0
rwe,1,0
rwa,1,0
run,1,0
ruf,1,0
rtb,1,0
rsp,1,0
rs",1,0
rpu,1,0
rp#,1,0
rnm,1,0
rml,1,0
rm),1,0
rks,1,0
rir,1,0
rii,1,0
re;,1,0
re,,1,0
rcl,1,0
rb/,1,0
rao,1,0
raa,1,0
rTM,1,0
r=1,1,0
r;;,1,0
r/#,1,0
r-v,1,0
r-s,1,0
r-o,1,0
r-b,1,0
r-a,1,0
r-E,1,0
r-3,1,0
r's,1,0
r"#,1,0
qid,1,0
qd#,1,0
q.i,1,0
q)#,1,0
pz_,1,0
pyo,1,0
pyk,1,0
pyi,1,0
py-,1,0
pun,1,0
pst,1,0
ps),1,0
ppu,1,0
poe,1,0
pm#,1,0
phl,1,0
pem,1,0
pe/,1,0
pe-,1,0
paw,1,0
p=0,1,0
p:/,1,0
p:#,1,0
p53,1,0
p.),1,0
p.#,1,0
p-t,1,0
p-g,1,0
oz),1,0
oyo,1,0
oyl,1,0
oyi,1,0
oyb,1,0
oy#,1,0
ow:,1,0
ow),1,0
otl,1,0
osh,1,0
orh,1,0
opz,1,0
op),1,0
oot,1,0
onz,1,0
onw,1,0
onS,1,0
on',1,0
om/,1,0
ol:,1,0
ol-,1,0
ol,,1,0
okt,1,0
oks,1,0
oit,1,0
oir,1,0
oem,1,0
oel,1,0
oef,1,0
od/,1,0
ob#,1,0
oan,1,0
o10,1,0
o/f,1,0
o/d,1,0
o-y,1,0
o-o,1,0
o-l,1,0
o-h,1,0
o-b,1,0
nys,1,0
nwo,1,0
nud,1,0
ntf,1,0
ntc,1,0
nsz,1,0
nsw,1,0
npu,1,0
npa,1,0
noo,1,0
nnu,1,0
nmo,1,0
nm#,1,0
nks,1,0
nkl,1,0
ni,,1,0
nhe,1,0
ngy,1,0
ngr,1,0
ngd,1,0
ng],1,0
neq,1,0
ne_,1,0
ne2,1,0
ne.,1,0
ndl,1,0
ndC,1,0
nc.,1,0
nai,1,0
na),1,0
n]#,1,0
nTa,1,0
nSi,1,0
nM#,1,0
nH#,1,0
nA),1,0
n=4,1,0
n=3,1,0
n2-,1,0
n14,1,0
n/h,1,0
n/a,1,0
n.1,1,0
n-z,1,0
n-v,1,0
n-S,1,0
n-O,1,0
n--,1,0
n)o,1,0
n):,1,0
n's,1,0
mu#,1,0
mty,1,0
ms],1,0
ms;,1,0
mp),1,0
mna,1,0
ml.,1,0
ml-,1,0
me/,1,0
mav,1,0
mah,1,0
ma],1,0
ma;,1,0
ma:,1,0
mIU,1,0
mGl,1,0
m2/,1,0
m/k,1,0
m-p,1,0
m-l,1,0
m-T,1,0
lyf,1,0
lya,1,0
ly],1,0
ly:,1,0
lux,1,0
luR,1,0
lu-,1,0
ls:,1,0
lo#,1,0
lni,1,0
lma,1,0
llb,1,0
ll;,1,0
lki,1,0
li-,1,0
ley,1,0
ldl,1,0
ld:,1,0
ld',1,0
lc.,1,0
lbl,1,0
la),1,0
lO-,1,0
l50,1,0
l/k,1,0
l/i,1,0
l/d,1,0
l/P,1,0
l/#,1,0
l.),1,0
l.#,1,0
l-r,1,0
l-O,1,0
l-H,1,0
l-#,1,0
l,),1,0
l);,1,0
ky#,1,0
kwa,1,0
ktn,1,0
ks;,1,0
kfr,1,0
kfo,1,0
kfa,1,0
kem,1,0
kdo,1,0
k;#,1,0
k:#,1,0
k-u,1,0
k-b,1,0
jum,1,0
job,1,0
jej,1,0
iv#,1,0
it:,1,0
isl,1,0
is;,1,0
is/,1,0
ir;,1,0
ipm,1,0
ip-,1,0
ip),1,0
iob,1,0
io),1,0
inw,1,0
inT,1,0
in2,1,0
in1,1,0
iio,1,0
iim,1,0
iii,1,0
ii),1,0
igg,1,0
iec,1,0
idd,1,0
id;,1,0
ic3,1,0
ic",1,0
iai,1,0
ia/,1,0
i/g,1,0
i.v,1,0
i-L,1,0
i-K,1,0
i,s,1,0
hyb,1,0
hya,1,0
hy:,1,0
hy-,1,0
hut,1,0
htt,1,0
ht:,1,0
hrn,1,0
hr),1,0
hle,1,0
hiv,1,0
hho,1,0
hca,1,0
hbo,1,0
h],1,0
hE),1,0
h:#,1,0
h-p,1,0
h-f,1,0
h-c,1,0
h-U,1,0
h-A,1,0
h--,1,0
h-#,1,0
gy-,1,0
gut,1,0
gum,1,0
gte,1,0
gs],1,0
gs/,1,0
gs',1,0
gr#,1,0
gp),1,0
gov,1,0
gos,1,0
gom,1,0
goe,1,0
gmu,1,0
gma,1,0
gm/,1,0
gir,1,0
gi/,1,0
gi-,1,0
ghi,1,0
ggs,1,0
ggl,1,0
ge;,1,0
ge:,1,0
gdo,1,0
gag,1,0
ga#,1,0
g];,1,0
gM#,1,0
gG#,1,0
gA-,1,0
g;;,1,0
g2+,1,0
g/a,1,0
g/F,1,0
g/8,1,0
g-r,1,0
g-g,1,0
g-b,1,0
g):,1,0
fug,1,0
fth,1,0
ft-,1,0
fsp,1,0
fse,1,0
fif,1,0
ffr,1,0
ffl,1,0
ffa,1,0
f-r,1,0
f-i,1,0
eyd,1,0
ewb,1,0
euv,1,0
es],1,0
es.,1,0
erT,1,0
er/,1,0
er.,1,0
er',1,0
er",1,0
ep:,1,0
ep-,1,0
eoa,1,0
en;,1,0
en:,1,0
en),1,0
emn,1,0
em;,1,0
elk,1,0
elc,1,0
el;,1,0
el),1,0
eki,1,0
ek),1,0
eju,1,0
eja,1,0
eil,1,0
eid,1,0
ei#,1,0
eho,1,0
eex,1,0
eet,1,0
eef,1,0
eec,1,0
ee;,1,0
edm,1,0
edb,1,0
ed,,1,0
ecd,1,0
ec),1,0
ebs,1,0
ebl,1,0
ebe,1,0
eap,1,0
eag,1,0
eae,1,0
ea:,1,0
ea),1,0
e_o,1,0
eSO,1,0
eN#,1,0
e3#,1,0
e2-,1,0
e/r,1,0
e/p,1,0
e/d,1,0
e/I,1,0
e/D,1,0
e.(,1,0
e-w,1,0
e-m,1,0
e-D,1,0
e-2,1,0
e,c,1,0
e);,1,0
dyi,1,0
dya,1,0
dy;,1,0
dvo,1,0
dun,1,0
dto,1,0
dse,1,0
ds.,1,0
ds-,1,0
ds),1,0
dma,1,0
dli,1,0
dla,1,0
dl;,1,0
dl),1,0
dii,1,0
dib,1,0
dgm,1,0
dds,1,0
ddr,1,0
ddl,1,0
dba,1,0
dab,1,0
dCm,1,0
d/p,1,0
d/#,1,0
d.a,1,0
d.B,1,0
d-p,1,0
d-o,1,0
d-m,1,0
d--,1,0
d,t,1,0
d);,1,0
d'#,1,0
cy-,1,0
cuo,1,0
cty,1,0
ctt,1,0
ct-,1,0
cs],1,0
cs/,1,0
cs-,1,0
cr=,1,0
coy,1,0
cne,1,0
cky,1,0
ckw,1,0
ckl,1,0
ckf,1,0
ck;,1,0
ck-,1,0
chb,1,0
ch;,1,0
ch:,1,0
ch-,1,0
ch),1,0
cgi,1,0
cg/,1,0
cg),1,0
cea,1,0
ce;,1,0
ce.,1,0
cdo,1,0
cch,1,0
cO-,1,0
c3/,1,0
c1,,1,0
c/d,1,0
c/#,1,0
c--,1,0
c"#,1,0
bwt,1,0
btl,1,0
bti,1,0
bth,1,0
bt#,1,0
bs),1,0
bpm,1,0
boo,1,0
boa,1,0
bo;,1,0
bo/,1,0
bma,1,0
bgr,1,0
bcl,1,0
bad,1,0
b/N,1,0
b/I,1,0
b-t,1,0
b-o,1,0
b-#,1,0
b)#,1,0
ayu,1,0
ayb,1,0
ay:,1,0
ay9,1,0
axS,1,0
aum,1,0
atp,1,0
atl,1,0
at:,1,0
at),1,0
asn,1,0
as:,1,0
as-,1,0
apu,1,0
apn,1,0
ap#,1,0
aoc,1,0
ank,1,0
anH,1,0
am),1,0
al.,1,0
akf,1,0
akd,1,0
aiv,1,0
aip,1,0
ai#,1,0
ahe,1,0
agm,1,0
ag#,1,0
aen,1,0
ae-,1,0
ae),1,0
adt,1,0
adl,1,0
acn,1,0
aam,1,0
a_o,1,0
a],1,0
aBa,1,0
a/l,1,0
a.u,1,0
a.#,1,0
a-g,1,0
a,K,1,0
_IN,1,0
]]#,1,0
];#,1,0
]-#,1,0
[n#,1,0
[lo,1,0
[St,1,0
[Qu,1,0
[QD,1,0
[Ph,1,0
[Mu,1,0
[Mi,1,0
[Im,1,0
[Hi,1,0
[FD,1,0
[Dr,1,0
[Do,1,0
[A#,1,0
[80,1,0
[2#,1,0
[1,,1,0
Zol,1,0
Zn-,1,0
ZED,1,0
ZE),1,0
Yor,1,0
YPO,1,0
YHA,1,0
Y1#,1,0
Y-P,1,0
XIC,1,0
XI#,1,0
XB2,1,0
X:#,1,0
X-2,1,0
Wye,1,0
Who,1,0
Wes,1,0
Way,1,0
Wal,1,0
WO#,1,0
VRE,1,0
VOI,1,0
VIN,1,0
VI#,1,0
VER,1,0
VEI,1,0
VAh,1,0
VAb,1,0
V-r,1,0
V-d,1,0
V)-,1,0
Uss,1,0
Us),1,0
Us#,1,0
Upt,1,0
Unm,1,0
Unf,1,0
USS,1,0
URS,1,0
URR,1,0
UNT,1,0
UMM,1,0
ULN,1,0
UIN,1,0
UGT,1,0
UDY,1,0
UCH,1,0
UCE,1,0
UBS,1,0
UBJ,1,0
UAR,1,0
Twi,1,0
Tv#,1,0
Tro,1,0
Tot,1,0
Tog,1,0
Tod,1,0
Tm#,1,0
Tis,1,0
Tim,1,0
TcO,1,0
T]),1,0
T]#,1,0
TXB,1,0
TWO,1,0
TUD,1,0
TTS,1,0
TR),1,0
TPa,1,0
TP-,1,0
TME,1,0
TLY,1,0
TLC,1,0
TIL,1,0
TII,1,0
TG/,1,0
TEL,1,0
TDM,1,0
TCC,1,0
TBP,1,0
TAK,1,0
T3),1,0
T2A,1,0
T1/,1,0
T0#,1,0
T/H,1,0
T-i,1,0
Sug,1,0
Sto,1,0
Smo,1,0
Sma,1,0
Ski,1,0
Six,1,0
Sit,1,0
Sex,1,0
Sco,1,0
Sca,1,0
Sam,1,0
Saf,1,0
SUM,1,0
SUC,1,0
ST],1,0
STU,1,0
STM,1,0
SS#,1,0
SOR,1,0
SO4,1,0
SM-,1,0
SIR,1,0
SIB,1,0
SH-,1,0
SG#,1,0
SF#,1,0
SEQ,1,0
SEL,1,0
SE-,1,0
SD),1,0
SCU,1,0
SCL,1,0
SC),1,0
S:T,1,0
S/I,1,0
S/H,1,0
S-2,1,0
S-),1,0
Rur,1,0
Rho,1,0
Re-,1,0
Rab,1,0
RY:,1,0
RVE,1,0
RVA,1,0
RT),1,0
RST,1,0
RSE,1,0
RS),1,0
RRE,1,0
RPT,1,0
RPR,1,0
RPF,1,0
RL),1,0
RL#,1,0
RIO,1,0
RFE,1,0
RET,1,0
REQ,1,0
RE:,1,0
RDI,1,0
RD0,1,0
RCI,1,0
RA),1,0
R+),1,0
R)K,1,0
Qua,1,0
QT0,1,0
QT-,1,0
QQ-,1,0
QQ),1,0
QHS,1,0
QD],1,0
Q8h,1,0
Q4H,1,0
Q-t,1,0
Q-b,1,0
Q)-,1,0
Phi,1,0
Pea,1,0
Pas,1,0
PY:,1,0
PTH,1,0
PTC,1,0
PRD,1,0
PR#,1,0
PPR,1,0
POS,1,0
PLI,1,0
PK:,1,0
PI),1,0
PH),1,0
PGT,1,0
PF#,1,0
PED,1,0
PE),1,0
PE#,1,0
PDE,1,0
PCI,1,0
PA),1,0
P<0,1,0
P3#,1,0
P-s,1,0
P-l,1,0
P-i,1,0
P-b,1,0
P-G,1,0
P-2,1,0
P-#,1,0
P):,1,0
P)-,1,0
Ope,1,0
Onc,1,0
Occ,1,0
OX-,1,0
OVI,1,0
OTC,1,0
OSS,1,0
OSE,1,0
OS),1,0
ORP,1,0
OPs,1,0
OPR,1,0
OP),1,0
OOD,1,0
ONG,1,0
ON.,1,0
ON),1,0
OMT,1,0
OMP,1,0
OMM,1,0
OID,1,0
OI),1,0
OH-,1,0
ODI,1,0
OD:,1,0
OD#,1,0
OBT,1,0
OA#,1,0
O54,1,0
O4),1,0
O-m,1,0
Nut,1,0
Num,1,0
Nin,1,0
Nau,1,0
Nas,1,0
Na,,1,0
NYH,1,0
NUT,1,0
NUI,1,0
NTO,1,0
NTL,1,0
NSI,1,0
NSC,1,0
NS/,1,0
NOS,1,0
NO#,1,0
NN#,1,0
NJE,1,0
NID,1,0
NGE,1,0
NG),1,0
NFO,1,0
NDS,1,0
NDE,1,0
NCU,1,0
NAT,1,0
NA-,1,0
N=8,1,0
N=5,1,0
N=4,1,0
N3O,1,0
N2#,1,0
N.),1,0
N-M,1,0
N-D,1,0
N,t,1,0
N)#,1,0
Mye,1,0
Moy,1,0
Mir,1,0
Mg2,1,0
Mas,1,0
Mal,1,0
Mai,1,0
MV#,1,0
MUS,1,0
MT),1,0
MS/,1,0
MPL,1,0
MPE,1,0
MOD,1,0
MME,1,0
MMA,1,0
MI-,1,0
MF),1,0
MF#,1,0
MB-,1,0
MAY,1,0
MAT,1,0
M8#,1,0
M-I,1,0
Lym,1,0
Lup,1,0
Loc,1,0
Ley,1,0
Let,1,0
Les,1,0
Lcr,1,0
Las,1,0
Lar,1,0
LT],1,0
LOR,1,0
LOO,1,0
LN#,1,0
LIZ,1,0
LIS,1,0
LIC,1,0
LH),1,0
LH#,1,0
LG#,1,0
LE:,1,0
LE),1,0
LDH,1,0
LD5,1,0
LAT,1,0
L/d,1,0
Kno,1,0
Kle,1,0
Kel,1,0
Kd),1,0
Kap,1,0
KS#,1,0
KHT,1,0
KE#,1,0
KAR,1,0
K:#,1,0
K-A,1,0
K(+,1,0
Jun,1,0
Jui,1,0
Jap,1,0
JUS,1,0
JA),1,0
J##,1,0
Ita,1,0
Ing,1,0
IgM,1,0
IgG,1,0
Ib/,1,0
Ia),1,0
Ia#,1,0
IZE,1,0
ITT,1,0
ITS,1,0
IT/,1,0
ISI,1,0
ISC,1,0
IS:,1,0
IS-,1,0
IP#,1,0
IOR,1,0
INU,1,0
INN,1,0
INJ,1,0
INF,1,0
IN,,1,0
IMS,1,0
IMP,1,0
IJA,1,0
IIb,1,0
II),1,0
IFI,1,0
IED,1,0
IDD,1,0
ICI,1,0
IC(,1,0
IAN,1,0
IAG,1,0
IAA,1,0
I/k,1,0
I-I,1,0
Hz#,1,0
Hit,1,0
Hip,1,0
HeN,1,0
He#,1,0
Has,1,0
Han,1,0
HYP,1,0
HTv,1,0
HT2,1,0
HS#,1,0
HL),1,0
HIA,1,0
HEI,1,0
HAC,1,0
H2a,1,0
H22,1,0
H/H,1,0
H/F,1,0
H/E,1,0
H/D,1,0
H-l,1,0
H-b,1,0
H-#,1,0
Gui,1,0
Gs),1,0
Gro,1,0
Gal,1,0
GY:,1,0
GY-,1,0
GUA,1,0
GTP,1,0
GT#,1,0
GST,1,0
GSH,1,0
GS),1,0
GRE,1,0
GNO,1,0
GGT,1,0
G/A,1,0
G)),1,0
Fut,1,0
Fri,1,0
Fis,1,0
Fif,1,0
FeS,1,0
Fam,1,0
F]#,1,0
FTE,1,0
FRE,1,0
FL),1,0
FIE,1,0
FIC,1,0
FDA,1,0
FBS,1,0
FA),1,0
F1),1,0
F-1,1,0
F)#,1,0
Eye,1,0
Exo,1,0
Evo,1,0
Eva,1,0
Esp,1,0
Ere,1,0
Eq),1,0
Epo,1,0
Emi,1,0
Ell,1,0
Eit,1,0
Eig,1,0
Eag,1,0
ERF,1,0
ERC,1,0
ER),1,0
EMs,1,0
ELY,1,0
EIV,1,0
EIR,1,0
EFI,1,0
EF-,1,0
EEN,1,0
EED,1,0
EE),1,0
EE#,1,0
EDU,1,0
ED9,1,0
ED5,1,0
ED),1,0
ECO,1,0
EC-,1,0
EC),1,0
EAD,1,0
EA),1,0
EA#,1,0
E1,,1,0
E1),1,0
E-l,1,0
Dua,1,0
Dev,1,0
Dem,1,0
Daw,1,0
D]),1,0
DY#,1,0
DVI,1,0
DVE,1,0
DUC,1,0
DSM,1,0
DS-,1,0
DPG,1,0
DP),1,0
DM),1,0
DM#,1,0
DJU,1,0
DF],1,0
DEN,1,0
DEF,1,0
DEA,1,0
DDM,1,0
DAY,1,0
DA;,1,0
DA),1,0
D95,1,0
D6;,1,0
D6,,1,0
D3R,1,0
D2O,1,0
D2-,1,0
D00,1,0
D-G,1,0
Cs),1,0
Coi,1,0
Coh,1,0
Cle,1,0
ClO,1,0
Cin,1,0
ChE,1,0
C]-,1,0
C]#,1,0
CV),1,0
CV#,1,0
CUS,1,0
CUR,1,0
CTE,1,0
CT),1,0
CSF,1,0
CR),1,0
COX,1,0
CMV,1,0
CLc,1,0
CLC,1,0
CIS,1,0
CI/,1,0
CI),1,0
CH#,1,0
CG),1,0
CC#,1,0
CB1,1,0
CA5,1,0
CA/,1,0
CA),1,0
C8/,1,0
C3H,1,0
C1:,1,0
C1#,1,0
C)],1,0
C(5,1,0
Bri,1,0
Bg),1,0
BTA,1,0
BT),1,0
BSO,1,0
BSE,1,0
BS),1,0
BPH,1,0
BPA,1,0
BEF,1,0
BEE,1,0
BCB,1,0
BC),1,0
BAS,1,0
B6,,1,0
B2#,1,0
B1),1,0
B-4,1,0
Aye,1,0
Avi,1,0
Aor,1,0
Amy,1,0
Amb,1,0
Alv,1,0
Aha,1,0
Aga,1,0
Abo,1,0
Ab#,1,0
A]),1,0
A]#,1,0
AYS,1,0
AY#,1,0
ATG,1,0
ATC,1,0
ARY,1,0
APP,1,0
AKE,1,0
AGN,1,0
AFT,1,0
ADJ,1,0
AD#,1,0
ACh,1,0
ABU,1,0
ABC,1,0
AA),1,0
A;#,1,0
A9#,1,0
A6,,1,0
A5-,1,0
A5),1,0
A5#,1,0
A3/,1,0
A2,,1,0
A11,1,0
A1-,1,0
A/P,1,0
A-p,1,0
A-d,1,0
A-b,1,0
A-V,1,0
A-M,1,0
A-C,1,0
A):,1,0
>95,1,0
>20,1,0
=96,1,0
=8),1,0
=50,1,0
=48,1,0
=4),1,0
=30,1,0
=29,1,0
=2),1,0
=17,1,0
=16,1,0
=15,1,0
=1#,1,0
<3#,1,0
<0.,1,0
;pr,1,0
;or,1,0
;in,1,0
;he,1,0
;ha,1,0
;dr,1,0
;ce,1,0
;an,1,0
;;u,1,0
;;p,1,0
;;o,1,0
;;i,1,0
;;h,1,0
;;c,1,0
;;a,1,0
;;/,1,0
;/;,1,0
:me,1,0
:Us,1,0
:Tw,1,0
:So,1,0
:Re,1,0
:Dr,1,0
:Cl,1,0
:5',1,0
:24,1,0
:1:,1,0
://,1,0
9th,1,0
9m-,1,0
9H2,1,0
997,1,0
996,1,0
99),1,0
99%,1,0
987,1,0
986,1,0
978,1,0
975,1,0
973,1,0
972,1,0
970,1,0
97.,1,0
968,1,0
96.,1,0
96%,1,0
95),1,0
95#,1,0
946,1,0
94.,1,0
94),1,0
93],1,0
93-,1,0
93+,1,0
93),1,0
92-,1,0
92%,1,0
91%,1,0
91#,1,0
901,1,0
9.6,1,0
9.5,1,0
9-g,1,0
9-f,1,0
9-d,1,0
9-5,1,0
9-4,1,0
9-1,1,0
9-0,1,0
9-#,1,0
9+/,1,0
9*1,1,0
9)/,1,0
8h#,1,0
8:#,1,0
88+,1,0
88%,1,0
873,1,0
87),1,0
86+,1,0
86#,1,0
85:,1,0
85.,1,0
848,1,0
845,1,0
84#,1,0
83),1,0
81),1,0
81%,1,0
80-,1,0
80),1,0
8/9,1,0
8.9,1,0
8.8,1,0
8.4,1,0
8.2,1,0
8.1,1,0
8.0,1,0
8-5,1,0
8-4,1,0
8-0,1,0
8-#,1,0
8+/,1,0
8%;,1,0
7th,1,0
7b#,1,0
7]#,1,0
7D3,1,0
79#,1,0
78),1,0
77.,1,0
77+,1,0
77%,1,0
77#,1,0
74.,1,0
74#,1,0
736,1,0
732,1,0
73%,1,0
723,1,0
720,1,0
72),1,0
70),1,0
7/M,1,0
7.6,1,0
7.1,1,0
7-k,1,0
7-g,1,0
7-e,1,0
7-6,1,0
7-5,1,0
7-2,1,0
7,0,1,0
7+/,1,0
7)%,1,0
7%-,1,0
6;#,1,0
69.,1,0
688,1,0
662,1,0
65],1,0
65%,1,0
64-,1,0
64%,1,0
636,1,0
63/,1,0
63-,1,0
626,1,0
62.,1,0
61%,1,0
60m,1,0
602,1,0
60),1,0
6/5,1,0
6.8,1,0
6.7,1,0
6.5,1,0
6.4,1,0
6.3,1,0
6.0,1,0
6-8,1,0
6-6,1,0
6-3,1,0
6-2,1,0
6-1,1,0
6+/,1,0
6%;,1,0
5a:,1,0
5]),1,0
5HI,1,0
5;#,1,0
5:2,1,0
59+,1,0
59%,1,0
59#,1,0
58.,1,0
58-,1,0
56.,1,0
56),1,0
55.,1,0
54),1,0
53#,1,0
528,1,0
526,1,0
52-,1,0
513,1,0
512,1,0
51),1,0
50s,1,0
508,1,0
502,1,0
501,1,0
50/,1,0
5.9,1,0
5.8,1,0
5.6,1,0
5.3,1,0
5.0,1,0
5-y,1,0
5-3,1,0
5,0,1,0
5+/,1,0
5'-,1,0
5%-,1,0
4OH,1,0
4H#,1,0
4A9,1,0
4A1,1,0
494,1,0
493,1,0
49%,1,0
49#,1,0
483,1,0
48.,1,0
48-,1,0
48),1,0
47#,1,0
45m,1,0
45],1,0
457,1,0
456,1,0
45.,1,0
445,1,0
442,1,0
44),1,0
435,1,0
431,1,0
43.,1,0
42-,1,0
41,,1,0
41),1,0
40.,1,0
40-,1,0
40+,1,0
4/4,1,0
4.9,1,0
4.6,1,0
4.5,1,0
4.1,1,0
4.0,1,0
4-y,1,0
4-w,1,0
4-i,1,0
4-8,1,0
4-4,1,0
4-(,1,0
4,8,1,0
4):,1,0
4)%,1,0
3rd,1,0
3_I,1,0
3]#,1,0
3],1,0
3Y1,1,0
3Re,1,0
3O5,1,0
3N3,1,0
3I#,1,0
3H/,1,0
3E1,1,0
3A3,1,0
3;#,1,0
3:1,1,0
396,1,0
39.,1,0
39-,1,0
39#,1,0
38:,1,0
385,1,0
38-,1,0
38),1,0
376,1,0
37/,1,0
37%,1,0
369,1,0
357,1,0
35.,1,0
35-,1,0
35+,1,0
344,1,0
341,1,0
34-,1,0
33],1,0
333,1,0
326,1,0
324,1,0
321,1,0
31I,1,0
318,1,0
314,1,0
31.,1,0
307,1,0
306,1,0
30+,1,0
3/h,1,0
3/g,1,0
3/4,1,0
3.2,1,0
3.1,1,0
3-w,1,0
3-e,1,0
3-O,1,0
3-8,1,0
3-2,1,0
3,4,1,0
3,0,1,0
3+/,1,0
3);,1,0
3)-,1,0
3':,1,0
2nd,1,0
2hr,1,0
2an,1,0
2A1,1,0
2A#,1,0
29H,1,0
299,1,0
294,1,0
28-,1,0
27],1,0
277,1,0
27-,1,0
261,1,0
26-,1,0
25m,1,0
252,1,0
251,1,0
25.,1,0
248,1,0
247,1,0
241,1,0
24.,1,0
23N,1,0
23I,1,0
235,1,0
234,1,0
23),1,0
229,1,0
228,1,0
225,1,0
223,1,0
22.,1,0
22-,1,0
22+,1,0
217,1,0
21+,1,0
20t,1,0
20m,1,0
20h,1,0
207,1,0
202,1,0
201,1,0
2/d,1,0
2.8,1,0
2-y,1,0
2-s,1,0
2-l,1,0
2-4,1,0
2-2,1,0
2,2,1,0
2,),1,0
2+/,1,0
2+#,1,0
2):,1,0
1th,1,0
1mg,1,0
1I),1,0
196,1,0
195,1,0
190,1,0
19*,1,0
188,1,0
187,1,0
182,1,0
17b,1,0
178,1,0
175,1,0
173,1,0
172,1,0
166,1,0
163,1,0
162,1,0
156,1,0
155,1,0
152,1,0
15,,1,0
14O,1,0
144,1,0
142,1,0
14.,1,0
13_,1,0
132,1,0
128,1,0
124,1,0
123,1,0
122,1,0
11t,1,0
117,1,0
116,1,0
115,1,0
114,1,0
112,1,0
111,1,0
11),1,0
10t,1,0
105,1,0
101,1,0
10/,1,0
1/8,1,0
1/4,1,0
1/1,1,0
1/*,1,0
1/#,1,0
1-w,1,0
1-s,1,0
1-f,1,0
1-6,1,0
1,o,1,0
1,5,1,0
1,1,1,0
1,#,1,0
1+/,1,0
0uM,1,0
0s#,1,0
0mM,1,0
0hr,1,0
09-,1,0
09),1,0
09%,1,0
09#,1,0
08#,1,0
075,1,0
07#,1,0
06),1,0
05;,1,0
051,1,0
04),1,0
03-,1,0
03%,1,0
02D,1,0
020,1,0
02.,1,0
02%,1,0
012,1,0
010,1,0
00u,1,0
006,1,0
004,1,0
003,1,0
00,,1,0
00),1,0
0/i,1,0
0/1,1,0
0-n,1,0
0-i,1,0
0-d,1,0
0-b,1,0
0-8,1,0
0-7,1,0
0,0,1,0
0);,1,0
0(9,1,0
0(3,1,0
0%;,1,0
/ww,1,0
/v#,1,0
/s#,1,0
/pr,1,0
/ph,1,0
/mo,1,0
/li,1,0
/le,1,0
/ki,1,0
/im,1,0
/hy,1,0
/hr,1,0
/he,1,0
/h/,1,0
/gu,1,0
/ge,1,0
/fe,1,0
/de,1,0
/cg,1,0
/ca,1,0
/ad,1,0
/ac,1,0
/Re,1,0
/Ph,1,0
/PC,1,0
/Nu,1,0
/Mo,1,0
/L;,1,0
/II,1,0
/He,1,0
/HY,1,0
/HI,1,0
/Gu,1,0
/Fo,1,0
/FA,1,0
/EA,1,0
/Di,1,0
/DA,1,0
/AL,1,0
/;u,1,0
/;#,1,0
/9#,1,0
/6#,1,0
/47,1,0
/2,,1,0
/12,1,0
//w,1,0
//:,1,0
///,1,0
//-,1,0
//#,1,0
/-r,1,0
/-1,1,0
/-),1,0
/*1,1,0
.v#,1,0
.u#,1,0
.rx,1,0
.d),1,0
.co,1,0
.a.,1,0
.Wh,1,0
.It,1,0
.In,1,0
.Be,1,0
.99,1,0
.97,1,0
.91,1,0
.86,1,0
.82,1,0
.8-,1,0
.77,1,0
.76,1,0
.74,1,0
.73,1,0
.71,1,0
.70,1,0
.68,1,0
.60,1,0
.6),1,0
.59,1,0
.58,1,0
.52,1,0
.45,1,0
.4%,1,0
.34,1,0
.32,1,0
.30,1,0
.26,1,0
.23,1,0
.22,1,0
.21,1,0
.18,1,0
.10,1,0
.0-,1,0
.0),1,0
.):,1,0
-zy,1,0
-vi,1,0
-tw,1,0
-sm,1,0
-sa,1,0
-ov,1,0
-os,1,0
-or,1,0
-no,1,0
-nm,1,0
-ke,1,0
-ic,1,0
-gr,1,0
-ge,1,0
-g/,1,0
-ev,1,0
-em,1,0
-d.,1,0
-ap,1,0
-a-,1,0
-a#,1,0
-V#,1,0
-Ug,1,0
-Tc,1,0
-Se,1,0
-Ph,1,0
-Oc,1,0
-Mu,1,0
-MB,1,0
-KS,1,0
-Jo,1,0
-II,1,0
-Ha,1,0
-Gl,1,0
-Ga,1,0
-El,1,0
-Da,1,0
-CY,1,0
-Ay,1,0
-As,1,0
-Am,1,0
-AT,1,0
-AS,1,0
-AL,1,0
-A-,1,0
-95,1,0
-90,1,0
-9),1,0
-9%,1,0
-84,1,0
-81,1,0
-80,1,0
-8%,1,0
-8#,1,0
-7D,1,0
-78,1,0
-7.,1,0
-7%,1,0
-69,1,0
-65,1,0
-60,1,0
-59,1,0
-54,1,0
-51,1,0
-5#,1,0
-46,1,0
-44,1,0
-43,1,0
-42,1,0
-4),1,0
-4%,1,0
-33,1,0
-3,,1,0
-3%,1,0
-27,1,0
-2.,1,0
-2),1,0
-17,1,0
-14,1,0
-13,1,0
--s,1,0
--p,1,0
--f,1,0
--(,1,0
-(f,1,0
-(3,1,0
,tx,1,0
,th,1,0
,su,1,0
,st,1,0
,po,1,0
,ma,1,0
,co,1,0
,K-,1,0
,8#,1,0
,50,1,0
,4#,1,0
,2],1,0
,2E,1,0
,2D,1,0
,2B,1,0
,2A,1,0
,20,1,0
,2#,1,0
,19,1,0
+82,1,0
+73,1,0
+72,1,0
+5%,1,0
+46,1,0
+45,1,0
+40,1,0
+4%,1,0
+39,1,0
+30,1,0
+3%,1,0
+24,1,0
+19,1,0
+17,1,0
+16,1,0
+14,1,0
+12,1,0
+0%,1,0
*In,1,0
*CB,1,0
*1),1,0
*1#,1,0
**N,1,0
**),1,0
*)#,1,0
)of,1,0
)]#,1,0
)KA,1,0
)/L,1,0
).#,1,0
)-d,1,0
)-c,1,0
)-A,1,0
)--,1,0
)*#,1,0
(~4,1,0
(vs,1,0
(ur,1,0
(un,1,0
(ta,1,0
(sy,1,0
(so,1,0
(py,1,0
(po,1,0
(pl,1,0
(p=,1,0
(ot,1,0
(nu,1,0
(no,1,0
(ne,1,0
(my,1,0
(ms,1,0
(mG,1,0
(le,1,0
(ja,1,0
(ii,1,0
(ho,1,0
(he,1,0
(ha,1,0
(gl,1,0
(fl,1,0
(fe,1,0
(es,1,0
(en,1,0
(el,1,0
(ea,1,0
(dr,1,0
(do,1,0
(di,1,0
(cy,1,0
(bl,1,0
(bi,1,0
(b),1,0
(az,1,0
(ag,1,0
(af,1,0
(a),1,0
(ZE,1,0
(Wa,1,0
(Va,1,0
(VR,1,0
(UD,1,0
(U9,1,0
(Th,1,0
(TD,1,0
(Se,1,0
(ST,1,0
(SD,1,0
(S-,1,0
(RO,1,0
(RB,1,0
(RA,1,0
(R+,1,0
(Po,1,0
(Pe,1,0
(PS,1,0
(PR,1,0
(P<,1,0
(OT,1,0
(OR,1,0
(OI,1,0
(No,1,0
(Ne,1,0
(NY,1,0
(NA,1,0
(MO,1,0
(ME,1,0
(MD,1,0
(MC,1,0
(LS,1,0
(LN,1,0
(LH,1,0
(LC,1,0
(L-,1,0
(Ke,1,0
(Kd,1,0
(IV,1,0
(IP,1,0
(IM,1,0
(IJ,1,0
(IE,1,0
(HA,1,0
(Gr,1,0
(GS,1,0
(GG,1,0
(GD,1,0
(FS,1,0
(FR,1,0
(Ex,1,0
(ER,1,0
(EE,1,0
(Di,1,0
(DR,1,0
(DM,1,0
(DE,1,0
(DA,1,0
(CM,1,0
(CL,1,0
(CH,1,0
(CF,1,0
(C5,1,0
(C1,1,0
(C#,1,0
(Bo,1,0
(Bm,1,0
(BP,1,0
(Ad,1,0
(AR,1,0
(>2,1,0
(=1,1,0
(<3,1,0
(96,1,0
(92,1,0
(91,1,0
(9),1,0
(88,1,0
(84,1,0
(74,1,0
(70,1,0
(66,1,0
(65,1,0
(6),1,0
(6#,1,0
(5H,1,0
(54,1,0
(53,1,0
(5.,1,0
(5),1,0
(5%,1,0
(41,1,0
(4.,1,0
(4),1,0
(39,1,0
(38,1,0
(37,1,0
(36,1,0
(35,1,0
(33,1,0
(31,1,0
(3-,1,0
(27,1,0
(23,1,0
(22,1,0
(21,1,0
(2),1,0
(1:,1,0
(19,1,0
(1,,1,0
(-9,1,0
(-7,1,0
(-#,1,0
(,p,1,0
(*1,1,0
()*,1,0
('',1,0
'co,1,0
':5,1,0
'-c,1,0
')#,1,0
''),1,0
%-9,1,0
%-8,1,0
%-3,1,0
#~4,1,0
#ze,1,0
#xe,1,0
#x-,1,0
#wt,1,0
#v/,1,0
#v#,1,0
#t-,1,0
#rt,1,0
#rg,1,0
#qi,1,0
#pD,1,0
#p5,1,0
#oz,1,0
#od,1,0
#ny,1,0
#nd,1,0
#nM,1,0
#ms,1,0
#mI,1,0
#m-,1,0
#l5,1,0
#je,1,0
#iv,1,0
#ig,1,0
#ht,1,0
#h/,1,0
#h),1,0
#eo,1,0
#bw,1,0
#bp,1,0
#aB,1,0
#],1,0
#[n,1,0
#[l,1,0
#[P,1,0
#[I,1,0
#[H,1,0
#[F,1,0
#[8,1,0
#[2,1,0
#[1,1,0
#Zn,1,0
#X:,1,0
#Wy,1,0
#Ug,1,0
#UN,1,0
#UL,1,0
#UG,1,0
#U#,1,0
#Tm,1,0
#TX,1,0
#TW,1,0
#TL,1,0
#T1,1,0
#SA,1,0
#Ru,1,0
#QH,1,0
#Q8,1,0
#Q4,1,0
#P3,1,0
#OI,1,0
#OA,1,0
#O-,1,0
#NH,1,0
#N2,1,0
#N#,1,0
#Mg,1,0
#MU,1,0
#MD,1,0
#M8,1,0
#Ly,1,0
#Lu,1,0
#LN,1,0
#LH,1,0
#LC,1,0
#LA,1,0
#Kn,1,0
#Kl,1,0
#KH,1,0
#K(,1,0
#J#,1,0
#IC,1,0
#IA,1,0
#I),1,0
#Hz,1,0
#H-,1,0
#GU,1,0
#GT,1,0
#GS,1,0
#GR,1,0
#GD,1,0
#FS,1,0
#FE,1,0
#F1,1,0
#Ey,1,0
#Em,1,0
#EV,1,0
#EE,1,0
#DM,1,0
#DA,1,0
#D:,1,0
#CS,1,0
#C3,1,0
#C1,1,0
#C-,1,0
#C),1,0
#Ao,1,0
#AF,1,0
#A1,1,0
#>9,1,0
#=1,1,0
#=0,1,0
#;h,1,0
#:m,1,0
#:S,1,0
#:R,1,0
#:C,1,0
#9t,1,0
#98,1,0
#9),1,0
#88,1,0
#7t,1,0
#79,1,0
#73,1,0
#7,,1,0
#7),1,0
#6/,1,0
#5a,1,0
#5],1,0
#59,1,0
#4/,1,0
#4,,1,0
#3r,1,0
#3Y,1,0
#3E,1,0
#3;,1,0
#3:,1,0
#3),1,0
#3',1,0
#2n,1,0
#2O,1,0
#1m,1,0
#0),1,0
#/p,1,0
#/l,1,0
#/;,1,0
#/6,1,0
#/3,1,0
#/2,1,0
#/),1,0
#.W,1,0
#.8,1,0
#.7,1,0
#.(,1,0
#-o,1,0
#-n,1,0
#-A,1,0
#,s,1,0
#,o,1,0
#,#,1,0
#+8,1,0
#+5,1,0
#+2,1,0
#+0,1,0
#*N,1,0
#*I,1,0
#*C,1,0
#*1,1,0
#).,1,0
#)-,1,0
#)),1,0
#(~,1,0
#(v,1,0
#(j,1,0
#(Z,1,0
#(W,1,0
#(=,1,0
#(<,1,0
#(,,1,0
#(*,1,0
#(',1,0
#'c,1,0
##~,1,0
#"i,1,0
#"g,1,0
#"d,1,0
"in,1,0
"ge,1,0
"ep,1,0
"dr,1,0
arf,0,247
zid,0,196
maz,0,141
bam,0,139
apr,0,130
xet,0,128
ib#,0,111
Ds#,0,84
SAI,0,77
NSA,0,77
ACE,0,75
EX#,0,73
IDs,0,68
zap,0,65
zem,0,64
ihi,0,61
lof,0,58
iny,0,58
OL#,0,58
sap,0,57
cef,0,52
Ket,0,52
ifl,0,51
AO#,0,49
fon,0,48
dox,0,48
elb,0,47
hac,0,46
fei,0,46
Amp,0,44
ybu,0,43
vud,0,43
caf,0,41
Flu,0,41
oza,0,40
lyb,0,40
#zi,0,40
nox,0,39
loz,0,39
#Fl,0,39
tad,0,37
orv,0,37
IRA,0,37
Var,0,36
PEG,0,36
VIR,0,35
zit,0,33
Rif,0,33
xaz,0,32
AXO,0,31
nz#,0,30
BRE,0,30
bap,0,29
CIN,0,29
ofu,0,28
OCI,0,28
NDO,0,28
DOC,0,28
DEX,0,28
ulv,0,27
roq,0,27
nza,0,27
mef,0,27
VAN,0,27
TAX,0,27
Ami,0,27
#PE,0,27
edn,0,26
dni,0,26
EGA,0,26
Ace,0,26
AR#,0,26
saq,0,25
paf,0,25
anz,0,25
XOL,0,25
HMG,0,25
CoA,0,25
#om,0,25
#L-,0,25
sip,0,24
ipy,0,24
SYS,0,24
MC#,0,24
CRI,0,24
CEL,0,24
ylp,0,23
tfo,0,23
oA#,0,23
imo,0,23
etf,0,23
MG-,0,23
GAS,0,23
G-C,0,23
EPT,0,23
COR,0,23
CEP,0,23
ASY,0,23
#HM,0,23
#BR,0,23
mox,0,22
Vit,0,22
#Qu,0,22
laz,0,21
dov,0,21
VE#,0,21
SPR,0,21
Qui,0,21
Eth,0,21
vod,0,20
sra,0,20
roz,0,20
ozi,0,20
enf,0,20
XX#,0,20
VIO,0,20
RI#,0,20
OXX,0,20
IOX,0,20
BEX,0,20
ucr,0,19
rpi,0,19
TRO,0,19
oru,0,18
fex,0,18
fdi,0,18
efd,0,18
dof,0,18
YN#,0,18
OLE,0,18
NM#,0,18
NAN,0,18
Cal,0,18
ANM,0,18
#CR,0,18
zox,0,17
xor,0,17
xof,0,17
oer,0,17
nqu,0,17
anq,0,17
afl,0,17
XIV,0,17
SYN,0,17
RIX,0,17
IXI,0,17
ICO,0,17
Dul,0,17
Chl,0,17
AOI,0,17
AME,0,17
8-M,0,17
1,3,0,17
-NA,0,17
,3-,0,17
niu,0,16
miv,0,16
eza,0,16
OSY,0,16
OMA,0,16
MPT,0,16
MEV,0,16
EDs,0,16
-MC,0,16
#Ib,0,16
zos,0,15
ylu,0,15
yld,0,15
ylb,0,15
vet,0,15
nir,0,15
VIV,0,15
TX#,0,15
TAM,0,15
OTM,0,15
ONE,0,15
OC#,0,15
Nov,0,15
NIM,0,15
NCI,0,15
MBE,0,15
IMB,0,15
Aca,0,15
)-N,0,15
mva,0,14
imv,0,14
bav,0,14
YCE,0,14
VIL,0,14
UET,0,14
TIK,0,14
TA#,0,14
RYC,0,14
RAN,0,14
PRY,0,14
NIV,0,14
LOC,0,14
KOS,0,14
IKO,0,14
H2#,0,14
ETR,0,14
Bez,0,14
Alc,0,14
ANE,0,14
#SP,0,14
#EQ,0,14
piv,0,13
nof,0,13
mte,0,13
kir,0,13
iam,0,13
edr,0,13
VIB,0,13
ROL,0,13
Mag,0,13
Lod,0,13
LEU,0,13
E2#,0,13
DIL,0,13
D3#,0,13
Arg,0,13
#b-,0,13
yls,0,12
szo,0,12
fti,0,12
REX,0,12
MHD,0,12
LEX,0,12
KIN,0,12
IDA,0,12
HD#,0,12
ELL,0,12
#MH,0,12
#FL,0,12
zil,0,11
uxi,0,11
sux,0,11
pof,0,11
nbu,0,11
laf,0,11
hix,0,11
enb,0,11
baz,0,11
aal,0,11
VAS,0,11
UKI,0,11
TOS,0,11
SAR,0,11
PTO,0,11
OCO,0,11
Maa,0,11
MBO,0,11
LFE,0,11
EUK,0,11
CID,0,11
CAM,0,11
BUT,0,11
BOC,0,11
Ang,0,11
AVA,0,11
ANA,0,11
AMB,0,11
zoc,0,10
xil,0,10
piz,0,10
pim,0,10
nra,0,10
nak,0,10
mPG,0,10
inr,0,10
esz,0,10
dmP,0,10
bud,0,10
anf,0,10
VIA,0,10
URO,0,10
TAD,0,10
PGE,0,10
OX#,0,10
OPE,0,10
OLA,0,10
OI#,0,10
LEN,0,10
LEB,0,10
LAN,0,10
GE2,0,10
ELE,0,10
EBR,0,10
Dic,0,10
DAS,0,10
CAs,0,10
BRO,0,10
ARA,0,10
ADI,0,10
#dm,0,10
#EN,0,10
zan,0,9
ylx,0,9
xym,0,9
vot,0,9
vof,0,9
voL,0,9
ubo,0,9
uab,0,9
oua,0,9
oLo,0,9
lxa,0,9
leg,0,9
fox,0,9
fap,0,9
esm,0,9
esl,0,9
epp,0,9
bep,0,9
bai,0,9
a-e,0,9
Son,0,9
Saq,0,9
RTI,0,9
RON,0,9
REL,0,9
NRT,0,9
NEA,0,9
Log,0,9
Kep,0,9
GUS,0,9
Fen,0,9
EXA,0,9
EGU,0,9
EAL,0,9
CTH,0,9
BET,0,9
ACL,0,9
#d-,0,9
#ZE,0,9
#FA,0,9
ypr,0,8
xja,0,8
xfe,0,8
xap,0,8
ta2,0,8
sve,0,8
s(V,0,8
rbu,0,8
o-2,0,8
nux,0,8
nna,0,8
map,0,8
lup,0,8
jad,0,8
esv,0,8
cyp,0,8
afa,0,8
aCM,0,8
a2-,0,8
ZIC,0,8
XR#,0,8
PTX,0,8
Nap,0,8
Nal,0,8
NaC,0,8
NUR,0,8
NU#,0,8
MAZ,0,8
LOL,0,8
GAN,0,8
Exj,0,8
EVA,0,8
Cis,0,8
CNU,0,8
CG-,0,8
BIT,0,8
Atr,0,8
As(,0,8
AZI,0,8
AX#,0,8
AMI,0,8
2-p,0,8
-ar,0,8
-2-,0,8
(V),0,8
#XR,0,8
#RO,0,8
#Az,0,8
xca,0,7
xar,0,7
tof,0,7
mfi,0,7
hon,0,7
hne,0,7
euc,0,7
emf,0,7
b-b,0,7
ZEB,0,7
YTO,0,7
Xig,0,7
XON,0,7
WEL,0,7
Ver,0,7
ULF,0,7
Sen,0,7
RR#,0,7
RO#,0,7
RIL,0,7
RIC,0,7
OH),0,7
NVI,0,7
NSP,0,7
NNR,0,7
NEX,0,7
NBR,0,7
MTX,0,7
MAX,0,7
LLE,0,7
LLB,0,7
LES,0,7
LBU,0,7
L-g,0,7
Imi,0,7
Iba,0,7
INV,0,7
INS,0,7
H2-,0,7
H.E,0,7
H)2,0,7
FEN,0,7
EPA,0,7
ENB,0,7
EBE,0,7
E.#,0,7
E-i,0,7
Dil,0,7
Des,0,7
D.H,0,7
CE-,0,7
CCN,0,7
CAR,0,7
ARC,0,7
AM#,0,7
ALF,0,7
ADL,0,7
698,0,7
5(O,0,7
2D3,0,7
269,0,7
25(,0,7
.H.,0,7
,25,0,7
)2D,0,7
(OH,0,7
#Xi,0,7
#WE,0,7
#TM,0,7
#RR,0,7
#Om,0,7
#NN,0,7
#MT,0,7
#D.,0,7
#CC,0,7
yxi,0,6
yur,0,6
yni,0,6
ymy,0,6
xyu,0,6
xel,0,6
vob,0,6
vim,0,6
tii,0,6
tav,0,6
rpa,0,6
onh,0,6
o-D,0,6
npy,0,6
nho,0,6
nax,0,6
myx,0,6
lfe,0,6
lcy,0,6
iin,0,6
ga-,0,6
enn,0,6
dei,0,6
d-S,0,6
bex,0,6
axe,0,6
avu,0,6
XAP,0,6
Vid,0,6
Tag,0,6
TZ#,0,6
TOI,0,6
TIs,0,6
Sul,0,6
Sod,0,6
SSA,0,6
REG,0,6
RAV,0,6
RAM,0,6
Ple,0,6
Ola,0,6
OIN,0,6
Nit,0,6
Nic,0,6
Nel,0,6
NYT,0,6
MID,0,6
MEP,0,6
Lor,0,6
Lop,0,6
Lap,0,6
Ibu,0,6
ITR,0,6
HCT,0,6
GF#,0,6
FLO,0,6
FAC,0,6
F2a,0,6
Eno,0,6
ESS,0,6
EPR,0,6
ENY,0,6
EGF,0,6
EER,0,6
EDE,0,6
Dox,0,6
Did,0,6
CTZ,0,6
CLE,0,6
CIA,0,6
Bos,0,6
Ato,0,6
2al,0,6
#TY,0,6
#Ol,0,6
#EG,0,6
yx#,0,5
vyn,0,5
ucy,0,5
rvy,0,5
oxc,0,5
olc,0,5
ofa,0,5
oep,0,5
lzi,0,5
hch,0,5
fta,0,5
fax,0,5
ezo,0,5
elz,0,5
dix,0,5
byx,0,5
bom,0,5
aFl,0,5
ZOR,0,5
URA,0,5
Tol,0,5
Tia,0,5
Ter,0,5
TMP,0,5
TAR,0,5
T1#,0,5
Sor,0,5
SMX,0,5
SIC,0,5
SCA,0,5
RM-,0,5
RCE,0,5
PTP,0,5
Oru,0,5
Opi,0,5
Ome,0,5
OSC,0,5
OMN,0,5
ODE,0,5
NaF,0,5
NIZ,0,5
MX#,0,5
MNI,0,5
M-1,0,5
Lan,0,5
LUD,0,5
LOD,0,5
LAR,0,5
KRM,0,5
IZO,0,5
ICE,0,5
HUM,0,5
H-s,0,5
GL#,0,5
GES,0,5
FLU,0,5
Efa,0,5
EF#,0,5
Dan,0,5
DV#,0,5
Cep,0,5
Caf,0,5
CEV,0,5
Ari,0,5
Alp,0,5
ATR,0,5
ARI,0,5
AGA,0,5
ADE,0,5
-S#,0,5
#SM,0,5
#OM,0,5
#MP,0,5
#KR,0,5
#IR,0,5
#HU,0,5
#GL,0,5
#D3,0,5
zyl,0,4
ziq,0,4
zam,0,4
yso,0,4
yn#,0,4
y-M,0,4
xob,0,4
xep,0,4
vo-,0,4
vaq,0,4
uon,0,4
uft,0,4
ufo,0,4
ufe,0,4
tuf,0,4
quo,0,4
peg,0,4
paz,0,4
oxu,0,4
osf,0,4
naC,0,4
n-n,0,4
mof,0,4
lri,0,4
lal,0,4
lCh,0,4
kao,0,4
ixo,0,4
haq,0,4
fum,0,4
elC,0,4
dob,0,4
bsa,0,4
bif,0,4
b-l,0,4
aol,0,4
aCi,0,4
ZYV,0,4
YVO,0,4
YSA,0,4
Wel,0,4
VOX,0,4
VON,0,4
UTE,0,4
USU,0,4
UMI,0,4
UGM,0,4
UBU,0,4
Tet,0,4
Teg,0,4
TYS,0,4
TOV,0,4
TEX,0,4
Sed,0,4
Rof,0,4
Rib,0,4
Reb,0,4
RTO,0,4
RIU,0,4
RAG,0,4
R-w,0,4
Pen,0,4
POC,0,4
PLE,0,4
PGF,0,4
PAX,0,4
ORT,0,4
OPA,0,4
OCs,0,4
Nim,0,4
Nat,0,4
NON,0,4
NES,0,4
NAS,0,4
Mis,0,4
Mac,0,4
MIR,0,4
MI#,0,4
Lov,0,4
Lam,0,4
LIF,0,4
L-a,0,4
KER,0,4
Inn,0,4
IUM,0,4
ISU,0,4
IFY,0,4
IAB,0,4
HT3,0,4
HAN,0,4
GRA,0,4
GME,0,4
GF2,0,4
G-I,0,4
G-1,0,4
Fe#,0,4
FY#,0,4
FOS,0,4
FEX,0,4
ERT,0,4
ERG,0,4
ENO,0,4
EGR,0,4
ECE,0,4
Dyn,0,4
Dro,0,4
DUR,0,4
DCG,0,4
Cir,0,4
CRO,0,4
CMI,0,4
CE),0,4
CCG,0,4
CAV,0,4
CAD,0,4
Bis,0,4
Bep,0,4
BRI,0,4
Azi,0,4
Alb,0,4
AXE,0,4
AVI,0,4
AUG,0,4
ASO,0,4
ABR,0,4
-nu,0,4
-ci,0,4
-CC,0,4
#Zi,0,4
#Za,0,4
#ZY,0,4
#PL,0,4
#PG,0,4
#KE,0,4
#Dy,0,4
#DU,0,4
#DC,0,4
#AX,0,4
zaf,0,3
za#,0,3
yta,0,3
xyd,0,3
xyb,0,3
xra,0,3
xit,0,3
xem,0,3
voS,0,3
vam,0,3
shy,0,3
oSe,0,3
o-N,0,3
nez,0,3
nca,0,3
msu,0,3
mlo,0,3
mik,0,3
mif,0,3
mTc,0,3
m-e,0,3
lyn,0,3
lpy,0,3
kac,0,3
inz,0,3
ika,0,3
i-h,0,3
i-H,0,3
ho-,0,3
gef,0,3
g-a,0,3
fyl,0,3
fov,0,3
fot,0,3
exr,0,3
eob,0,3
ebu,0,3
cix,0,3
cev,0,3
bim,0,3
bem,0,3
bci,0,3
anr,0,3
aml,0,3
a-r,0,3
Zid,0,3
Zal,0,3
ZIN,0,3
ZDV,0,3
YRA,0,3
XIL,0,3
XEN,0,3
XAL,0,3
VSI,0,3
UPR,0,3
UOT,0,3
UDE,0,3
UBO,0,3
Tyl,0,3
Tos,0,3
TYR,0,3
TTE,0,3
TI#,0,3
Spa,0,3
SUP,0,3
STY,0,3
SPA,0,3
SOL,0,3
SLO,0,3
S-w,0,3
S(-,0,3
Roc,0,3
ROX,0,3
RIM,0,3
RBI,0,3
Pon,0,3
PSI,0,3
PAR,0,3
PAH,0,3
OXO,0,3
OVE,0,3
OTA,0,3
O-d,0,3
Niz,0,3
Nif,0,3
Nia,0,3
NXE,0,3
NOR,0,3
NAR,0,3
NAP,0,3
NAB,0,3
Mep,0,3
MOX,0,3
MOR,0,3
MNA,0,3
LUO,0,3
LSP,0,3
LPH,0,3
LFI,0,3
LDO,0,3
LCA,0,3
L-p,0,3
Ibo,0,3
ITU,0,3
HOL,0,3
HEX,0,3
HAL,0,3
HAG,0,3
Gri,0,3
Gab,0,3
GVI,0,3
Fos,0,3
Fon,0,3
FRO,0,3
FOT,0,3
FIR,0,3
FAS,0,3
Eso,0,3
Ena,0,3
EVS,0,3
ET#,0,3
ENA,0,3
ELC,0,3
EET,0,3
Dol,0,3
Dof,0,3
Dih,0,3
Der,0,3
Das,0,3
DOX,0,3
DEE,0,3
Cev,0,3
CGS,0,3
Bro,0,3
BOX,0,3
Ali,0,3
Ago,0,3
Abc,0,3
ATT,0,3
ASL,0,3
ARB,0,3
APS,0,3
ANX,0,3
ALP,0,3
ALD,0,3
AH#,0,3
ACI,0,3
9mT,0,3
6MN,0,3
680,0,3
5-O,0,3
5-D,0,3
216,0,3
168,0,3
-Sp,0,3
-No,0,3
-HI,0,3
-1,,0,3
#ja,0,3
#ZD,0,3
#VE,0,3
#VA,0,3
#S(,0,3
#H1,0,3
#H#,0,3
#GV,0,3
#ET,0,3
#E2,0,3
#CG,0,3
#AZ,0,3
#6M,0,3
zor,0,2
zac,0,2
yzi,0,2
yny,0,2
ylr,0,2
xzo,0,2
xyz,0,2
xo-,0,2
xip,0,2
xbr,0,2
xa#,0,2
vaf,0,2
uvi,0,2
t/a,0,2
t-s,0,2
sot,0,2
sfl,0,2
rzo,0,2
rut,0,2
rgr,0,2
rax,0,2
pak,0,2
pa-,0,2
oxz,0,2
orz,0,2
oA),0,2
nyr,0,2
nkg,0,2
ng,,0,2
nbl,0,2
n-1,0,2
m-S,0,2
lno,0,2
kgo,0,2
ipu,0,2
inb,0,2
ilr,0,2
ilm,0,2
i-I,0,2
hyn,0,2
hym,0,2
g,#,0,2
fuv,0,2
fto,0,2
fpr,0,2
fop,0,2
fom,0,2
exb,0,2
esf,0,2
eoh,0,2
eo-,0,2
enp,0,2
efp,0,2
dyp,0,2
dod,0,2
c-M,0,2
bez,0,2
ZOP,0,2
ZEV,0,2
YKE,0,2
XOT,0,2
XIN,0,2
XC#,0,2
XAT,0,2
VUL,0,2
UX#,0,2
UDA,0,2
UAN,0,2
TlD,0,2
Tar,0,2
Tad,0,2
TYK,0,2
TUX,0,2
TON,0,2
TML,0,2
TAL,0,2
TAG,0,2
Sir,0,2
SOT,0,2
SOD,0,2
SN3,0,2
SEN,0,2
SAN,0,2
Rob,0,2
RGO,0,2
RD#,0,2
RCO,0,2
RAX,0,2
QUA,0,2
Pyr,0,2
Pur,0,2
Pum,0,2
PX#,0,2
PPI,0,2
POK,0,2
PIs,0,2
PIP,0,2
PID,0,2
PH#,0,2
Oxc,0,2
Orl,0,2
Omn,0,2
Oma,0,2
OXC,0,2
OXA,0,2
OTI,0,2
OPT,0,2
OPI,0,2
ONU,0,2
OM#,0,2
OKY,0,2
ODO,0,2
Nyd,0,2
Neo,0,2
Nab,0,2
NPH,0,2
NOm,0,2
NOX,0,2
NF-,0,2
NEQ,0,2
NEC,0,2
N38,0,2
Myl,0,2
Mer,0,2
Mec,0,2
MST,0,2
ML#,0,2
MGC,0,2
Lof,0,2
Lin,0,2
LET,0,2
LEG,0,2
L-h,0,2
Ker,0,2
KYN,0,2
KEM,0,2
Jac,0,2
ISO,0,2
IPR,0,2
INO,0,2
IDV,0,2
IDI,0,2
ICS,0,2
ICK,0,2
H1#,0,2
Gol,0,2
Gli,0,2
Gem,0,2
GOM,0,2
GCo,0,2
Fex,0,2
Fac,0,2
FLE,0,2
F-b,0,2
Esz,0,2
Eph,0,2
Enf,0,2
EVU,0,2
EUS,0,2
ETO,0,2
EMS,0,2
EI#,0,2
ECR,0,2
ECA,0,2
DPC,0,2
DID,0,2
DEC,0,2
DAM,0,2
Cit,0,2
Cef,0,2
Cas,0,2
Cam,0,2
CS#,0,2
CPX,0,2
CPA,0,2
COT,0,2
CLO,0,2
CK#,0,2
CIL,0,2
CEI,0,2
Bil,0,2
Aur,0,2
Ata,0,2
Ast,0,2
Asc,0,2
Ara,0,2
Ama,0,2
Alu,0,2
Ale,0,2
AZO,0,2
AZA,0,2
APO,0,2
AOM,0,2
AO-,0,2
ALL,0,2
ALI,0,2
6-t,0,2
6,1,0,2
5HT,0,2
5-o,0,2
5-F,0,2
3-H,0,2
2a#,0,2
1a#,0,2
16,,0,2
10,,0,2
/an,0,2
-so,0,2
-hi,0,2
-MD,0,2
-Hy,0,2
-FU,0,2
-Du,0,2
-DF,0,2
-Al,0,2
-2a,0,2
-1a,0,2
,16,0,2
)-w,0,2
(HM,0,2
#ZI,0,2
#UR,0,2
#SY,0,2
#SN,0,2
#Py,0,2
#Pi,0,2
#PP,0,2
#OX,0,2
#Ny,0,2
#NR,0,2
#NP,0,2
#NE,0,2
#MO,0,2
#LO,0,2
#ID,0,2
#Go,0,2
#G#,0,2
#F2,0,2
#DP,0,2
#AO,0,2
#5H,0,2
zul,0,1
zth,0,1
zom,0,1
zob,0,1
zlo,0,1
zip,0,1
zim,0,1
yvi,0,1
ytr,0,1
ynk,0,1
ylh,0,1
yit,0,1
ydo,0,1
yat,0,1
y-e,0,1
y-3,0,1
y-1,0,1
xya,0,1
xme,0,1
xiv,0,1
xef,0,1
wol,0,1
w-c,0,1
vos,0,1
vil,0,1
vap,0,1
uwo,0,1
uop,0,1
unf,0,1
uka,0,1
udr,0,1
uam,0,1
uaf,0,1
uaM,0,1
u-s,0,1
tyt,0,1
ts.,0,1
ts,,0,1
toq,0,1
toh,0,1
tez,0,1
tay,0,1
taf,0,1
ta(,0,1
t1#,0,1
t/A,0,1
t-C,0,1
suv,0,1
sp#,0,1
sox,0,1
sln,0,1
sbu,0,1
s-P,0,1
s,#,0,1
ryr,0,1
ruv,0,1
roS,0,1
rlu,0,1
rje,0,1
rih,0,1
pyl,0,1
ptr,0,1
pry,0,1
piu,0,1
pav,0,1
p-a,0,1
olp,0,1
oia,0,1
ofr,0,1
obo,0,1
oSo,0,1
o-B,0,1
nzt,0,1
nup,0,1
noz,0,1
nok,0,1
nka,0,1
niv,0,1
nba,0,1
n-T,0,1
n-D,0,1
mza,0,1
mu-,0,1
mri,0,1
mci,0,1
maq,0,1
m-t,0,1
m-A,0,1
m-#,0,1
lyp,0,1
luk,0,1
lpe,0,1
ln#,0,1
lhy,0,1
lga,0,1
lfu,0,1
lcl,0,1
laq,0,1
la2,0,1
lDI,0,1
lD#,0,1
kot,0,1
kay,0,1
kas,0,1
kan,0,1
izy,0,1
isy,0,1
irl,0,1
ilv,0,1
ihe,0,1
iCN,0,1
i-u,0,1
i-n,0,1
i-m,0,1
i-M,0,1
hsu,0,1
hry,0,1
hdi,0,1
fme,0,1
fiz,0,1
fia,0,1
fep,0,1
fci,0,1
exy,0,1
exm,0,1
esb,0,1
erj,0,1
emz,0,1
elm,0,1
efm,0,1
dyl,0,1
doq,0,1
dez,0,1
c99,0,1
buc,0,1
biv,0,1
ba#,0,1
b-a,0,1
b-C,0,1
b-A,0,1
ayv,0,1
ayp,0,1
ayl,0,1
auw,0,1
amr,0,1
amc,0,1
ako,0,1
afy,0,1
afu,0,1
afo,0,1
afc,0,1
aME,0,1
a2#,0,1
a-s,0,1
a-n,0,1
a-m,0,1
a(1,0,1
Zof,0,1
Zma,0,1
Zim,0,1
Zar,0,1
ZON,0,1
ZOL,0,1
ZAL,0,1
ZA#,0,1
YZI,0,1
YTH,0,1
YT#,0,1
YST,0,1
YOL,0,1
YOB,0,1
YNA,0,1
YDR,0,1
YCI,0,1
Xan,0,1
XYZ,0,1
XIP,0,1
Win,0,1
Vir,0,1
Vet,0,1
Vec,0,1
VR#,0,1
VOU,0,1
VLI,0,1
VCO,0,1
VAP,0,1
VAC,0,1
V.#,0,1
UPO,0,1
UMO,0,1
UMA,0,1
ULE,0,1
UDI,0,1
Tub,0,1
Tiz,0,1
Til,0,1
Tem,0,1
Tc9,0,1
TUR,0,1
TOP,0,1
THY,0,1
TG#,0,1
TEM,0,1
TAO,0,1
T.A,0,1
STl,0,1
SR#,0,1
SCH,0,1
SC#,0,1
S21,0,1
S-#,0,1
S)-,0,1
Reu,0,1
RYT,0,1
RVO,0,1
RVI,0,1
RSO,0,1
RSA,0,1
ROC,0,1
RIV,0,1
RGE,0,1
RGA,0,1
RFA,0,1
REF,0,1
R-#,0,1
R)-,0,1
Que,0,1
Pra,0,1
Pli,0,1
Pip,0,1
Pim,0,1
Pep,0,1
Peg,0,1
Pac,0,1
POG,0,1
PIM,0,1
PHY,0,1
PHO,0,1
PER,0,1
PEC,0,1
PAB,0,1
Oxy,0,1
Ocu,0,1
OXY,0,1
OVC,0,1
OUS,0,1
OUM,0,1
OTO,0,1
OS#,0,1
ORV,0,1
ORS,0,1
OPO,0,1
OPH,0,1
OMY,0,1
OGE,0,1
OCR,0,1
OBL,0,1
O-i,0,1
O-B,0,1
Nup,0,1
Net,0,1
Nef,0,1
Naf,0,1
NTG,0,1
NOL,0,1
NH#,0,1
NFa,0,1
NEU,0,1
NET,0,1
NAM,0,1
N6-,0,1
N-o,0,1
N-N,0,1
N-3,0,1
Mit,0,1
Mig,0,1
Mex,0,1
Mes,0,1
Mel,0,1
Mat,0,1
Map,0,1
MYO,0,1
MYC,0,1
MTR,0,1
MIS,0,1
MER,0,1
MCY,0,1
MAB,0,1
Los,0,1
Loo,0,1
Lom,0,1
LIM,0,1
LGE,0,1
LAZ,0,1
LAU,0,1
LAD,0,1
L-m,0,1
L-l,0,1
L-N,0,1
L-8,0,1
Kyt,0,1
Kef,0,1
Kal,0,1
Kad,0,1
KT#,0,1
KCl,0,1
Iri,0,1
Imu,0,1
IPI,0,1
INH,0,1
ILA,0,1
IGO,0,1
IDR,0,1
I13,0,1
I.V,0,1
HYT,0,1
HYO,0,1
HYD,0,1
HEM,0,1
HCL,0,1
H1-,0,1
Gin,0,1
Geo,0,1
GS2,0,1
GOX,0,1
GAM,0,1
Flo,0,1
Fle,0,1
Fla,0,1
Fib,0,1
Fa-,0,1
FUR,0,1
FCR,0,1
FBA,0,1
FAR,0,1
Etr,0,1
Epl,0,1
Eld,0,1
Ech,0,1
EXI,0,1
EVL,0,1
EUP,0,1
EUL,0,1
ETl,0,1
ERY,0,1
EMT,0,1
EMI,0,1
EMC,0,1
EMA,0,1
EFL,0,1
ECI,0,1
Die,0,1
Def,0,1
Dau,0,1
Dap,0,1
Dac,0,1
DRO,0,1
DRE,0,1
DIG,0,1
DHA,0,1
DFU,0,1
DFC,0,1
DEP,0,1
DAR,0,1
DAN,0,1
D-p,0,1
D-A,0,1
Cyp,0,1
Cya,0,1
Cup,0,1
Cri,0,1
Cod,0,1
Coc,0,1
Cob,0,1
Co#,0,1
Cet,0,1
Cav,0,1
CZO,0,1
CYT,0,1
COU,0,1
CL#,0,1
CIM,0,1
CH-,0,1
CEN,0,1
CD3,0,1
Bup,0,1
Bum,0,1
Bor,0,1
Bom,0,1
BiC,0,1
Bex,0,1
BOT,0,1
BAT,0,1
BAL,0,1
BA#,0,1
B3#,0,1
B-1,0,1
Azu,0,1
Azo,0,1
Azl,0,1
Aza,0,1
Aqu,0,1
Anc,0,1
Ala,0,1
AXI,0,1
AUD,0,1
ASA,0,1
ARF,0,1
AKI,0,1
ACZ,0,1
9m#,0,1
8-p,0,1
8-c,0,1
6-c,0,1
6-b,0,1
6-M,0,1
5,6,0,1
4-p,0,1
4-b,0,1
339,0,1
233,0,1
2-R,0,1
2,5,0,1
1-e,0,1
1-b,0,1
1)-,0,1
0,1,0,1
0,#,0,1
/ma,0,1
/ch,0,1
/An,0,1
.V.,0,1
-ul,0,1
-mu,0,1
-m-,0,1
-ly,0,1
-Ty,0,1
-SC,0,1
-Re,0,1
-PE,0,1
-Mi,0,1
-Me,0,1
-MP,0,1
-Di,0,1
-D#,0,1
-CD,0,1
-B#,0,1
-Ad,0,1
-8-,0,1
-)w,0,1
,6-,0,1
,5,,0,1
,2,,0,1
,11,0,1
)wa,0,1
)-s,0,1
#ic,0,1
#Zm,0,1
#ZO,0,1
#VR,0,1
#Tc,0,1
#T.,0,1
#SR,0,1
#R#,0,1
#OV,0,1
#OC,0,1
#NT,0,1
#N6,0,1
#MY,0,1
#Ky,0,1
#KT,0,1
#KC,0,1
#I1,0,1
#I.,0,1
#HY,0,1
#Ec,0,1
#EU,0,1
#EA,0,1
#DH,0,1
#CB,0,1
#BO,0,1
#B6,0,1
#B3,0,1
#Aq,0,1
#AK,0,1
